Timestamp,AC No. & AC Name,Polling Station No.,Polling Station Type,Photo of Polling Station Building (PSB),Photo of Polling Station Premises with PS Building (PSP)
04/09/2020 11:42:24,3-Sheohar,135,Auxiliary,https://drive.google.com/open?id=1sUH362oELd7oV-FzXc2GzuEn42T0DZzG,https://drive.google.com/open?id=1s39EgFqOYLBWQMPyppO-5BIC_BWpxn-i
04/09/2020 17:07:17,3-Sheohar,083,Auxiliary,https://drive.google.com/open?id=1WYEo8_ApZX5zUX-t56KxdioQRR1OnS0x,https://drive.google.com/open?id=1cuiE2zzlFlaBMZiP_mwBtX4_2h-Q_jCE
07/09/2020 14:18:43,3-Sheohar,001,Main,https://drive.google.com/open?id=1FnyJwrSsrvXIdDl918U5liSZ19r1eQn4,https://drive.google.com/open?id=1gdNMXcvmVtcwJ_CTnsR0Bp9i8uN-ZGDI
07/09/2020 14:58:31,3-Sheohar,003,Main,https://drive.google.com/open?id=1gJtFIGT9nad5HusjDEV6qCFgPSHA7jib,https://drive.google.com/open?id=1QasR1H0hIVnszOj1cpP_QepzJprZIRef
07/09/2020 15:04:25,3-Sheohar,004,Main,https://drive.google.com/open?id=1XNeXXaZ5apUwwekobRlJfEhgbKteoREY,https://drive.google.com/open?id=10SfEuEp1KmJvtqaRZW6SH84vzJt_xhCK
07/09/2020 15:13:10,3-Sheohar,003,Main,https://drive.google.com/open?id=1uEUDCeZdF9Mc9C0m00m6o6n6BKiQPqPU,https://drive.google.com/open?id=1ccS8aF-yEXCEO9drNOOBdPfb6rC5MAgZ
07/09/2020 15:16:02,3-Sheohar,005,Main,https://drive.google.com/open?id=1D04--xl2AQ1IKjxic5Mm23CWt0tFycCx,https://drive.google.com/open?id=13YHsoGKfjlA3aH1haSRM7NhTlXYm58Sf
07/09/2020 15:24:18,3-Sheohar,010,Main,https://drive.google.com/open?id=1eM_jTZxTUeBcsPpxx8eBZjt7RJwfncq4,https://drive.google.com/open?id=1k1LjH7HYIKfO6jbDE6ftRpx0nNtSPlxg
07/09/2020 15:27:49,3-Sheohar,011,Main,https://drive.google.com/open?id=1-zV4PcFFMWBUbGscDS6h-UPrFLSu--P5,https://drive.google.com/open?id=1ni2gtCMkltpDgogetX3SKmvlB-haoNQs
07/09/2020 15:37:21,3-Sheohar,021,Main,https://drive.google.com/open?id=1Ui4NlBUB2opo4UApKaM7DOZ709iuWkma,https://drive.google.com/open?id=1rCsTqxx7aHPTRYsHFSPiq8E2cz0B_ag3
07/09/2020 15:40:28,3-Sheohar,022,Main,https://drive.google.com/open?id=1oJulBKPPZYfcdDsM9R4eST3Qa5ESQvAT,https://drive.google.com/open?id=1NKxLxzdCwZiUPe9fYdelPk8h3pZPQWME
07/09/2020 16:12:24,3-Sheohar,033,Main,https://drive.google.com/open?id=166aThiKHG5IGWb1mioDfuo42qTdjY5Dv,https://drive.google.com/open?id=15ckcodHdMKsDsIYlk0QCraOnkCde8Xmy
07/09/2020 16:15:46,3-Sheohar,034,Main,https://drive.google.com/open?id=1Yfw97Cf_1QoZHFqsT2qfXRurg_Zyq65r,https://drive.google.com/open?id=1Fovw1XU24fmb5VtlvCXS8uvajKUx12ol
07/09/2020 16:19:17,3-Sheohar,035,Main,https://drive.google.com/open?id=1rwblp1wY-Cy0NSMl8TV2lenhlMSd2xzR,https://drive.google.com/open?id=1b6LV3jUxBYDOpscSylwT7n8zuHnpwfj0
07/09/2020 16:29:05,3-Sheohar,041,Main,https://drive.google.com/open?id=1Vv02J4iGG8W56eaDkGtqLDPCDBO9Trta,https://drive.google.com/open?id=1RIdzZ-bXU2R73v6WVkYUQWpj3nJYj_i6
07/09/2020 16:31:53,3-Sheohar,042,Main,https://drive.google.com/open?id=1i74SDD7EN39FeRDMq4RPuhKsIO-bI2a2,https://drive.google.com/open?id=1oH-ioZwgvKC0RVTaElTf0gPo-dG3xCMD
07/09/2020 16:41:52,3-Sheohar,044,Main,https://drive.google.com/open?id=1mUgmwccxJjrK3fxSslHTKllvLk7vLIrm,https://drive.google.com/open?id=10TMszhkeLp0TTmgE_ETpaavPMJvRUnHq
07/09/2020 16:46:59,3-Sheohar,045,Main,https://drive.google.com/open?id=1Pqj6wA2pFqxSWSsZQwVyi8VWAe-855nb,https://drive.google.com/open?id=1RVlsV_zLQKBc6LCXoj4C-hIIcFuIXkXZ
07/09/2020 16:56:27,3-Sheohar,059,Main,https://drive.google.com/open?id=1e53B4Njthxwljt0Aj4W7FRDa3UoAKozK,https://drive.google.com/open?id=1AY9BajhWIXawqUUNYMoFB3k7uvTnKZ0V
07/09/2020 17:03:37,3-Sheohar,061,Main,https://drive.google.com/open?id=1cVeszxnsm4ZoBEbsGEH_JtyXzwXhy0nE,https://drive.google.com/open?id=1KEKmwfhidP3yQAovxVHRTU0KnJQ_4gQe
07/09/2020 17:06:23,3-Sheohar,062,Main,https://drive.google.com/open?id=1qkEuT3rHMdLISzz337lYAwd4mMJy81wH,https://drive.google.com/open?id=1MGPr0sEO0p9rJ1GSLVLvl8CGPtjixsv7
07/09/2020 17:11:58,3-Sheohar,063,Main,https://drive.google.com/open?id=1uMaOjEqiqgeFbb2ArMCdxXZE6X_s4vDU,https://drive.google.com/open?id=1N_dw_GH2fNySky0UBx2GKyWZW9APZe9c
07/09/2020 17:16:09,3-Sheohar,064,Main,https://drive.google.com/open?id=18KS9PlTZ5TBrmMD5_buH07LUAsQP5C48,https://drive.google.com/open?id=19EH0NuWIG5hEIa9NRoEwKzbc03nfx3R1
07/09/2020 17:21:52,3-Sheohar,066,Main,https://drive.google.com/open?id=1ruFEqB4VWi2iWshFKL5VxSwAC1esP9Ob,https://drive.google.com/open?id=1uy01w6IYMI8qBOB7rUOdxO0mALhH30jo
07/09/2020 17:24:44,3-Sheohar,069,Main,https://drive.google.com/open?id=11N5g6-u4R584kGzkdkkGST_h5cQ5nph-,https://drive.google.com/open?id=1Gw058Hh_p09fR66pu4kRkgT48uhXPbY2
07/09/2020 17:35:53,3-Sheohar,075,Main,https://drive.google.com/open?id=1mXdmSnoAYcBhgAUUhkPZDJhwq8zS1fe3,https://drive.google.com/open?id=1PN9ilRLO8d39V925TB3w315JDF4UVSIC
07/09/2020 17:40:00,3-Sheohar,078,Main,https://drive.google.com/open?id=1svSslpeKh7Ki1D_NWK3L2AG2NvhdytI-,https://drive.google.com/open?id=1D-mb5-Vq--BubNxcHM2Rvs06YkJFiTij
07/09/2020 17:43:48,3-Sheohar,085,Main,https://drive.google.com/open?id=10KaGozWsWq85-EEpILmX32FZ-W2AKnfx,https://drive.google.com/open?id=1D7AqeRdNv0V3i7nfpNtZ22pVpckk86EX
07/09/2020 17:46:14,3-Sheohar,086,Main,https://drive.google.com/open?id=1MCrz7digjX3mSKzaLweoSFKo3Cy1yXNh,https://drive.google.com/open?id=1jm3TQIofUmZmTVSfVCqthhBayGNJGBsI
07/09/2020 17:49:37,3-Sheohar,089,Main,https://drive.google.com/open?id=1mnLjgTNaFjbOkdbbqWJu0SltYYEzXBVx,https://drive.google.com/open?id=1yHJMBAddF4yl7TmftlJlaWYzZKjMdgGk
07/09/2020 17:53:15,3-Sheohar,090,Main,https://drive.google.com/open?id=1JNgTWRReCXc1yyj8cMvof-cy8O6MgLEK,https://drive.google.com/open?id=125BUsD6bhKHskxBVdftjCS7fknQszWy4
08/09/2020 11:47:54,3-Sheohar,097,Main,https://drive.google.com/open?id=17g_W1ANv_Wffo5nH6LfoHD_ljRVOYj3R,https://drive.google.com/open?id=1mEqoyHQCTVNFz9kQ4olzK79Cp8ZAMXwj
08/09/2020 12:04:13,3-Sheohar,098,Main,https://drive.google.com/open?id=1ln1bOO9d-EuermR80IhymN8C-raQoeww,https://drive.google.com/open?id=1lWOmoq_ppYwZ6raNv0wJC5vR2ednsQX7
08/09/2020 12:06:53,3-Sheohar,099,Main,https://drive.google.com/open?id=16eOmGZ5wcT21qB9Oapy2E40LFszptlyY,https://drive.google.com/open?id=1zx4PtkQSnEfbyoq2IjeWDVIeZeNLCPuC
08/09/2020 12:07:49,3-Sheohar,100,Main,https://drive.google.com/open?id=1n_nNZ1GPGKwyVgY0P9k36pnYohbXairk,https://drive.google.com/open?id=1KAmSKUSvRiLcBvCrANoCIFIpC01T6svG
08/09/2020 12:10:38,3-Sheohar,101,Main,https://drive.google.com/open?id=1lo4Xdf0OCUWF442loHbTdZolJVwTs80K,https://drive.google.com/open?id=1AITYkwFAvahqTjQCaJXMCuezLnsYq7J9
08/09/2020 12:13:46,3-Sheohar,102,Main,https://drive.google.com/open?id=1N4u1hWOnS98zO_sdZVKsoa8ULTiUHMn9,https://drive.google.com/open?id=1icii0N6OejKi4b89fLI47EsubdYwYBLZ
08/09/2020 12:21:18,3-Sheohar,103,Main,https://drive.google.com/open?id=1PtTq6EjLQrM6lAtqi5g3ZRw8tXAtE3Q7,https://drive.google.com/open?id=1QTael-jmPTJY8cDeDWg_6vEVtzAITkGs
08/09/2020 12:37:21,3-Sheohar,107,Main,https://drive.google.com/open?id=1BFnJ045jzXu4V_YROioKbd7MyXA5YufR,https://drive.google.com/open?id=1Srh8ghy0bxlGQWt1n-eDedzlAINRzY8O
08/09/2020 12:45:57,3-Sheohar,110,Main,https://drive.google.com/open?id=1YkOZVaC2DAxUHwnwEnhPDnHlNZySRvUc,https://drive.google.com/open?id=1WchyOhUQcKbOASEIiBK0jpryH-XgGhK5
08/09/2020 12:47:51,3-Sheohar,112,Main,https://drive.google.com/open?id=1RW0ujc6qcnV8hiZQgDmqinEXiSsW85p1,https://drive.google.com/open?id=1wvASvMtBtOUvGGifWgD2XhQtc7-RYucA
08/09/2020 15:48:10,3-Sheohar,113,Main,https://drive.google.com/open?id=15xSUJyH6fTmv_fREwVE8cdrG6bdIJYIQ,https://drive.google.com/open?id=1lajHu3XMwXxPPOQ-wgQmmYy6Zz96JqHY
08/09/2020 15:50:41,3-Sheohar,114,Main,https://drive.google.com/open?id=1ne-yvyGNKFCJ2rcyfSHZVYYxjxWiJa-c,https://drive.google.com/open?id=1UsPUsGAZMbQNem1YSb6YBo31N6_3-Ip0
08/09/2020 15:53:21,3-Sheohar,115,Main,https://drive.google.com/open?id=1lHauVfolQYtnV6APLUQz5pe8ID3_yneY,https://drive.google.com/open?id=150cHPD0LkuWy8Y91UT-qAkpOBaN0sLoo
08/09/2020 15:55:10,3-Sheohar,116,Main,https://drive.google.com/open?id=1bV8j7n4_mWPSm_xJifXhZXuDyRn-MYP2,https://drive.google.com/open?id=1qrZ8ZO5npB5FOCy_NZs0FFew6Uh7WztD
08/09/2020 15:56:29,3-Sheohar,217,Main,https://drive.google.com/open?id=11tUPlQj97MimcKJC1EotleB8xGlRtGxK,https://drive.google.com/open?id=1rLcxJbqsrbPpRuFdlgroiiZAWhxuQ5vZ
08/09/2020 15:57:46,3-Sheohar,118,Main,https://drive.google.com/open?id=11OHVFONQw59sjXXtdynsk3t9PUIxdgKL,https://drive.google.com/open?id=1n7PFAwJ60eVlHIamTMQtIuHF70iIWflr
08/09/2020 16:00:34,3-Sheohar,121,Main,https://drive.google.com/open?id=138rfy9ZA8ZPRRxyErdp7i3skXdjnTYmq,https://drive.google.com/open?id=1mdq6xqm6L7AlgRVXl5vZisGpaPstsHcC
08/09/2020 16:01:47,3-Sheohar,124,Main,https://drive.google.com/open?id=1nPztei9CMci4mcAxCMIblYjSNkoAsyCM,https://drive.google.com/open?id=1h2O13BeF1xUV2lK1m-MBwkD8BU8-q4tg
08/09/2020 16:02:37,3-Sheohar,125,Main,https://drive.google.com/open?id=1zA7zhmrVHd7jURiMiRB1DHyptGCCF0yf,https://drive.google.com/open?id=1S2GqQHpO0AqVychKQLY0FgFyMu4xiMmU
08/09/2020 16:16:43,3-Sheohar,128,Main,https://drive.google.com/open?id=1qtpgGihClkzFQc6KttYXNdt_PNv32skV,https://drive.google.com/open?id=10NPaq1an8PArkGpgILyNrEqsTQDkE4xm
08/09/2020 16:18:41,3-Sheohar,129,Main,https://drive.google.com/open?id=14nbgh-Be2e65NDKko8FFtPhsnKepoRcC,https://drive.google.com/open?id=1--x1IKpWod7_qfh86_QjPV--QW1UF0v2
08/09/2020 16:19:47,3-Sheohar,130,Main,https://drive.google.com/open?id=1k6QAGhT9AT_a4btxWRJArTZjK__lDCYG,https://drive.google.com/open?id=1WHmQLkt6kFU5oozDUhpkDWIElvKeRCL7
08/09/2020 16:33:50,3-Sheohar,131,Main,https://drive.google.com/open?id=1Rs4I1w3PoY9T4cmoXKWPqyWuK0RFjRSn,https://drive.google.com/open?id=1HvKgclMVcKxaDhTbpjjw0-q-83O_5U7p
08/09/2020 16:35:07,3-Sheohar,132,Main,https://drive.google.com/open?id=1jk6_s0pHeNhQUAKZqCqg-N-3lqWUdwt8,https://drive.google.com/open?id=1EARMk0hhGxtv8YAVMpjQHbjXD2zxMBPN
08/09/2020 16:36:20,3-Sheohar,133,Main,https://drive.google.com/open?id=1a25NeUQGjrzYAlaTss6_HIxsqjqQc4CV,https://drive.google.com/open?id=1umvrtA9EK5iAYGwYPN1jPSwr868LUWco
08/09/2020 16:37:37,3-Sheohar,134,Main,https://drive.google.com/open?id=1fldXpQFzqlKR_jCQ_-umlPshJuaWI8cs,https://drive.google.com/open?id=17fTBTnNPZREfqoVbSgtLgBn8n_pL869c
08/09/2020 16:38:36,3-Sheohar,135,Main,https://drive.google.com/open?id=1LyF1U5wMvSZPDHI1O7VyamMotfEzWQXz,https://drive.google.com/open?id=1mcIPPEfxUofVDR2sT7m0fONgTJgtnm00
09/09/2020 13:59:28,3-Sheohar,137,Main,https://drive.google.com/open?id=18Y3KeS9imNzP3qOXUZ8H32v9u0OqgJTu,https://drive.google.com/open?id=1sKF_qaJynPUuRs_cT_cpQdsd_KspvW7F
09/09/2020 14:01:21,3-Sheohar,138,Main,https://drive.google.com/open?id=1Yp-ZWKOatVeZgjGChePW2lR26ijzkYNB,https://drive.google.com/open?id=1_aCpBD7laopl77aHxBNMZ2_UfP4zQLlN
09/09/2020 14:02:40,3-Sheohar,139,Main,https://drive.google.com/open?id=1OUTAPVN3uMoqetOvllZOH0cfyPqWU8Bf,https://drive.google.com/open?id=15BwyFU1O3otrQtQlT6bKyjMN3ZfVviv3
09/09/2020 14:04:04,3-Sheohar,142,Main,https://drive.google.com/open?id=18mzk9hKkcgoimcDSDC2Mwzs8EQQjEUy0,https://drive.google.com/open?id=1BmGqREC5paW3wubOgRev07EILuWInnPn
09/09/2020 14:05:10,3-Sheohar,143,Main,https://drive.google.com/open?id=1V-6bB3w3XR8phCfcfYg6lrbuWQ6nVGiy,https://drive.google.com/open?id=13Jo8gY3IHEs3cy5_6AmXwaZFvL0ypK5W
09/09/2020 14:06:19,3-Sheohar,144,Main,https://drive.google.com/open?id=1iuqRu_xZ93h52dPcr9P700K11Gf_H-9H,https://drive.google.com/open?id=1FfZYc8hibM-8Ts8JN_4fyOWp6bJKManG
09/09/2020 14:07:45,3-Sheohar,147,Main,https://drive.google.com/open?id=1IzZFh8jNz1BQbzYPafGKRsuZ08ot5SF2,https://drive.google.com/open?id=1dhnI5RIOXgGFae7mPSkm7xmHVQyALeNR
09/09/2020 14:08:48,3-Sheohar,148,Main,https://drive.google.com/open?id=10S39jJS7Jk83q9c0_gzxTwQUeTCHLWDU,https://drive.google.com/open?id=1TQAVjEpGfkFCzfIkUiUWkz0AfJb7mhMU
09/09/2020 14:12:51,3-Sheohar,150,Main,https://drive.google.com/open?id=1NXktE2UtZkayz-NpaaWaZ2mimY1Q9h4L,https://drive.google.com/open?id=1-WOT4aBpbvdcWsaupUE9UlQlkqZOegY3
09/09/2020 14:45:52,3-Sheohar,200,Main,https://drive.google.com/open?id=1-dUca31I2vQlBby0fpyhD7E0AWgI8XWW,https://drive.google.com/open?id=123Ns5FG0KNZdtSyneZahVYNamwv_RBUx
09/09/2020 14:46:42,3-Sheohar,202,Main,https://drive.google.com/open?id=14RiH8wDwNMOkGZxhpKwmNP53KjrdAmbl,https://drive.google.com/open?id=1FftbYu34e6YUiviwNYtn3M0BnLVLRF4m
09/09/2020 14:48:26,3-Sheohar,206,Main,https://drive.google.com/open?id=10wbCfrSfhIBQocOiC9N3Kcv4WF3PXjWE,https://drive.google.com/open?id=1hZGnnI2uiuixJYDYhVO5MwTjWU7T0p_E
09/09/2020 15:03:23,3-Sheohar,207,Main,https://drive.google.com/open?id=1a84uAVYgZtaRNrVLYtgU45r5GjUQZ6C0,https://drive.google.com/open?id=1KOiyTquQP0kxwL3og4PERQl8hzO4fDd8
09/09/2020 15:04:40,3-Sheohar,208,Main,https://drive.google.com/open?id=1oEAFEZcnXMAAJoj4d7tH7FOOhiPT_kQl,https://drive.google.com/open?id=1EAzrhFyQXh2ZUsLvuXC41LSQ0jCSOtuG
09/09/2020 15:07:42,3-Sheohar,212,Main,https://drive.google.com/open?id=1eOtbXX1xGFOtBqNTJd1FxFHxyALv_VMj,https://drive.google.com/open?id=1ASswOXGdkZA5zEuMShgbRwJ2nzh4sUnQ
09/09/2020 15:11:02,3-Sheohar,213,Main,https://drive.google.com/open?id=1evzTiW4b6VQFyYbefCa1r-2ZytNey4mN,https://drive.google.com/open?id=1oG3-IzppKiDo2poDiRQP8taJ152IV306
09/09/2020 15:18:13,3-Sheohar,215,Main,https://drive.google.com/open?id=1Q6ApPhTAqm1WgSfbAmvAvfZuoloqx9Xo,https://drive.google.com/open?id=1e6EqXf9juWaWX2j0u0qH3Snf1yR-w2sQ
09/09/2020 15:19:53,3-Sheohar,216,Main,https://drive.google.com/open?id=1zEM8jNrHGu8AApRdohKHMP6x9INsuMrw,https://drive.google.com/open?id=1ivQZCMknPq6Sj_pL_x1dEodnjkY01P6S
09/09/2020 15:20:55,3-Sheohar,218,Main,https://drive.google.com/open?id=1x417X-e45HfCpN4eY3iCsK4ORXZwhnVd,https://drive.google.com/open?id=1lKaS6Va7wFfLw2nHnwuoMto20o7pWFO5
09/09/2020 15:35:14,3-Sheohar,160,Main,https://drive.google.com/open?id=1ShoN8w-CP3MFBF9l0oMYtMoZ87eGcH4t,https://drive.google.com/open?id=1XtZ-57GbpDm9uy8D_wn_W3MLiyRO-OE_
09/09/2020 15:36:48,3-Sheohar,161,Main,https://drive.google.com/open?id=15y5UI8Xz1buvRBGGa8Fk1eeg6yHdIvra,https://drive.google.com/open?id=1C7Wuqu6WQnnD3Dk1T2UWUHBRL1oae9YP
09/09/2020 15:40:00,3-Sheohar,162,Main,https://drive.google.com/open?id=1eeJjE47NjTQPxlUzUMA-z9tL4VuKOQaX,https://drive.google.com/open?id=19rkd-55TRKjBJHevYS8Ok3JCkmwzp-Sl
09/09/2020 15:41:13,3-Sheohar,162,Main,https://drive.google.com/open?id=16UqYHSDTJrJFwYJRz0PSqSyYK7MjDGWd,https://drive.google.com/open?id=1BHSIXLHUY50GHFH-EjN24SK2yZJNWs9a
09/09/2020 15:47:01,3-Sheohar,163,Main,https://drive.google.com/open?id=1NUEU8mpMdxMK2gwO5f1PDcgvYIYX9XD6,https://drive.google.com/open?id=13CrYSY66cP0_l3lz3kHRPlHaCKTgfVJn
09/09/2020 15:57:39,3-Sheohar,233,Main,https://drive.google.com/open?id=14yGps0BZe9e982XLqdGjX_2aMOVhd5kq,https://drive.google.com/open?id=1wkikG2QWUFKdRy-mmWnns49Y-9gss-S1
09/09/2020 15:58:31,3-Sheohar,234,Main,https://drive.google.com/open?id=11sr4AD9YkmnehA8Uq9GE6wvwo-qhgW8m,https://drive.google.com/open?id=1N11OoC8BHKILngDFR1OEf1mjVJdi7Dop
09/09/2020 16:00:52,3-Sheohar,167,Main,https://drive.google.com/open?id=171yMPLFo0TOdmyTiTqVFN5Z5LW6sLvIm,https://drive.google.com/open?id=1Vwq4-CItMPCtD6-dyCsTltKxRV2blRUr
09/09/2020 16:02:38,3-Sheohar,168,Main,https://drive.google.com/open?id=1w1zMC1EBYuoQpsomvCLYrZOeoAnQC2JP,https://drive.google.com/open?id=1nM2LMQEN8Xa4AEDB7lA0gw-MHCswLq5J
09/09/2020 16:02:44,3-Sheohar,235,Main,https://drive.google.com/open?id=1phozQwmRrjoIN9ICRNRgjYQYAp2y1fyh,https://drive.google.com/open?id=127NQNh6gx_KJvr1rUVmv52sHdnj_6ncw
09/09/2020 16:03:30,3-Sheohar,236,Main,https://drive.google.com/open?id=1YCaR6jdvd_8x9R6qQEoxNvLReoly0h-L,https://drive.google.com/open?id=1JWb30xx1WXQTMz8ypMI7Mpvtp9Jf7C0-
09/09/2020 16:03:37,3-Sheohar,169,Main,https://drive.google.com/open?id=1jF7bCQEADk1cMfjICvp1EtlxAft_RdEy,https://drive.google.com/open?id=1wro7HIBBzatCN6BLTSC9mBaaxmq_S-uy
09/09/2020 16:05:14,3-Sheohar,171,Main,https://drive.google.com/open?id=1KJb-ISq1-E30D6V93HyQrOIj2oIWN0R0,https://drive.google.com/open?id=1dStcqQsxErGJ75LAHkQh7vBVNgSnY0gr
09/09/2020 16:06:26,3-Sheohar,172,Main,https://drive.google.com/open?id=1OeuDw0_sebDqsPJCP0kSCrdh2auktjCb,https://drive.google.com/open?id=1gRw5wRWhRHMy5icnkrHT5KXoPMp6JZj8
09/09/2020 16:06:52,3-Sheohar,237,Main,https://drive.google.com/open?id=1HVwVqefLmevxlYD-0LrnhUy05AYWUJ9s,https://drive.google.com/open?id=1_gHDMgV-pEmRbvFzAACtuD3ML1EKxYqD
09/09/2020 16:08:12,3-Sheohar,174,Main,https://drive.google.com/open?id=1w8JQZPU9Sa7yL6b_9KNQ5F7q4_IG9ykL,https://drive.google.com/open?id=1iI1-z_iMEOWwkUSPyYrJNFl45nRzwaWZ
09/09/2020 16:09:31,3-Sheohar,175,Main,https://drive.google.com/open?id=1vNeK9XzlOtDMmDtk3b5UuK68QPeTd8aD,https://drive.google.com/open?id=1ybhFfZjJACX0xMDT3IFyJ81KpkpTET5K
09/09/2020 16:11:28,3-Sheohar,176,Main,https://drive.google.com/open?id=1kj7x6jWbYF0K65GZfUja-qdbBY8e_Dt_,https://drive.google.com/open?id=1gUwiWtIqEt7vCjGy5w6QaSAkLdz9Px7n
09/09/2020 16:12:42,3-Sheohar,177,Main,https://drive.google.com/open?id=1VX7ckitp_ISjnuYDgwL9Sc90Z1dK1WK-,https://drive.google.com/open?id=1C_QvPl5C2wLjcTqJyNPbscmW86QsTLqc
09/09/2020 16:12:45,3-Sheohar,239,Main,https://drive.google.com/open?id=1RxRXTXpPza4Pg0ilyEW2YCD6qAa3oh-E,https://drive.google.com/open?id=1nhFX2832OipG6lTmdBUMD8kPJWFLo0Eg
09/09/2020 16:13:41,3-Sheohar,178,Main,https://drive.google.com/open?id=1x5yJUwb7wTHVvYS073XMgKwvO5sHP6sQ,https://drive.google.com/open?id=1ODZW5JGewpnEh_AnvGaCSZyTOg82sPmN
09/09/2020 16:13:45,3-Sheohar,240,Main,https://drive.google.com/open?id=1TIX7dp_k-_cg63lsXPqpTBES6TJbrNvp,https://drive.google.com/open?id=1o0IMcPV1vyjpG30ZHSujemu88Ke-cZ0I
09/09/2020 16:14:37,3-Sheohar,250,Main,https://drive.google.com/open?id=1Oj3vKDdxUs8yZLxsJ623YRe8zko8Tzzk,https://drive.google.com/open?id=1lfnfq0sLgkzImJAp3yrgYiGMblXUD9S9
09/09/2020 16:15:11,3-Sheohar,181,Main,https://drive.google.com/open?id=1Gj04HUPRpZXcK0h89M1fNriAWblpGfSA,https://drive.google.com/open?id=1ttKpbI0_unQPvP3S8fO9JAvYAWSEoDxn
09/09/2020 16:16:42,3-Sheohar,182,Main,https://drive.google.com/open?id=1bDqCKBNRheQG2EXGC5XXv8UqO1DuUsbw,https://drive.google.com/open?id=1oUvjipJEU3kyvOl2Z80iRDRV9ySA42Hi
09/09/2020 16:17:58,3-Sheohar,185,Main,https://drive.google.com/open?id=1f0KBWZPQJUhILXy5rFEwnmYYP1NynKth,https://drive.google.com/open?id=1TypsF78Rfm8S3cjVC81GWWtLtJlSw33j
09/09/2020 16:19:35,3-Sheohar,186,Main,https://drive.google.com/open?id=1Os-95xRjnnxLDU-XAA9Egv_gHO5vgg_G,https://drive.google.com/open?id=1QPe6MlB6MQ1CXCBVBkOJGk7CnI8t5TVm
09/09/2020 16:20:45,3-Sheohar,187,Main,https://drive.google.com/open?id=1ZgaUsVe3L5KSP7JL6q68uFALLOg7sYbs,https://drive.google.com/open?id=1XFhjPJQIaENb4m9esWyNbB9OrjB3x3qQ
09/09/2020 16:21:53,3-Sheohar,189,Main,https://drive.google.com/open?id=1yVokbeW4uf31CjVhpuREkKcmr9fPXfEI,https://drive.google.com/open?id=1F7PAm4Dkv2MY09OVjJyILuwQUofkv_aE
09/09/2020 16:23:31,3-Sheohar,190,Main,https://drive.google.com/open?id=1_GQZydiD-9Poscn3Vi5I40b-YytvK5H9,https://drive.google.com/open?id=1l6ljVpBvleUeMvYRe3wAuSibjmFheL_k
09/09/2020 16:25:08,3-Sheohar,191,Main,https://drive.google.com/open?id=197tr_lUfIVd4nmKRBsUX698taUp5eMFK,https://drive.google.com/open?id=1B8HEgEKWEJ9HrSR6Z29xakGi8TJ4qU2t
09/09/2020 16:26:56,3-Sheohar,192,Main,https://drive.google.com/open?id=165h9tWfjihBWBG1E3ICPxGw9OQeDl-zE,https://drive.google.com/open?id=1hJ6kyxzJLhtjLFt_xvKbYb6BD5ULuK7C
09/09/2020 16:28:18,3-Sheohar,193,Main,https://drive.google.com/open?id=1uEopJUI2iJpCVoAumMN0sSXja8LWfi4s,https://drive.google.com/open?id=11i9bDo4-xbblThkVg1I6LjTc_HzRHD4c
09/09/2020 16:29:42,3-Sheohar,194,Main,https://drive.google.com/open?id=1Xl8A638n_XtXx3kv0luqchcLtQixKGnS,https://drive.google.com/open?id=1dkacMmgbgNXmZcolLrDoicZdcnUA0tzs
09/09/2020 16:31:15,3-Sheohar,197,Main,https://drive.google.com/open?id=1joOe90SR2zj4ZM0rg1QgUuEQyEA8Sj1B,https://drive.google.com/open?id=15-jB_dZsm_Euol3L0PcmwjfmYnjfnWpt
09/09/2020 16:33:41,3-Sheohar,198,Main,https://drive.google.com/open?id=1chTlc3Bc3CnHk2hlOqTqtsyNUp6limMK,https://drive.google.com/open?id=1zsQ0AhgHfZRsJRayB-IJoJJSgpaxeJ__
09/09/2020 16:36:50,3-Sheohar,251,Main,https://drive.google.com/open?id=1YTCwLqITkmZIiQrvXmAZcoQ1C9Mf6qvk,https://drive.google.com/open?id=1rjvXFX7C6-ZOLg52kGKv2k9mDEhZlz3V
09/09/2020 16:37:45,3-Sheohar,255,Main,https://drive.google.com/open?id=189k05eTb6HUZlsnw_sV-LgZw43NL8emt,https://drive.google.com/open?id=1_tXJo-Oh2Esb_mdPzmV38T_PfMNdJuxg
09/09/2020 16:39:05,3-Sheohar,256,Main,https://drive.google.com/open?id=1QxTMTeJ55nANiNwERU-aB7EIpucNm3Qy,https://drive.google.com/open?id=1-Qq6wmK_55PXEEwBKyVXMjRV90oAWBWi
09/09/2020 16:41:09,3-Sheohar,260,Main,https://drive.google.com/open?id=1aR5YTkaft0NTRmyPEgYDwm-ptH6f5hcc,https://drive.google.com/open?id=1S5kahDzPBW6efkdT5gI0QflhEIZuBhVZ
09/09/2020 16:42:46,3-Sheohar,262,Main,https://drive.google.com/open?id=1lGVpemannpg7iSmwfEO-78DA8AQt5IRj,https://drive.google.com/open?id=1umeqgxw8CgD1n5quTZp417avQi1idCjK
09/09/2020 16:47:55,3-Sheohar,263,Main,https://drive.google.com/open?id=1g2pkf5Y4JdpicgJ1QAZQvd3cG466h-tg,https://drive.google.com/open?id=1HK4xeXErLk0X1_-osMFj_5A5FwiouqPj
09/09/2020 16:48:57,3-Sheohar,264,Main,https://drive.google.com/open?id=1IfXpugzqgfNtFAjTRTniW0p04FzltZ_p,https://drive.google.com/open?id=177R2waLunlTtQKz3h4rxq1JAHOG6ebJ3
09/09/2020 16:50:06,3-Sheohar,266,Main,https://drive.google.com/open?id=14n_z0ybbeHCZa3OUnOcZYRQ_03cbnuVQ,https://drive.google.com/open?id=1MPQFR4rgMk0c2ZZgaiLL6ew_4-nDczdU
09/09/2020 16:50:57,3-Sheohar,267,Main,https://drive.google.com/open?id=1rWi3Uaa3fzwtZApxQfuhvknG8i-urgyX,https://drive.google.com/open?id=1iFg1kwBvNhijJ7xG3pQqXivsvZ7O7T1s
09/09/2020 16:52:21,3-Sheohar,268,Main,https://drive.google.com/open?id=1fJYY7QwCN2DN0UBXAd84OWDCZcmxY96C,https://drive.google.com/open?id=1gHXUEbMCFpsLNlP-U0ya5lv0_MzoSnNf
09/09/2020 16:53:31,3-Sheohar,269,Main,https://drive.google.com/open?id=1dcN8bvtoLcVh06h-3cbgDklh4mL1SNiI,https://drive.google.com/open?id=1p3OzbcGW-cOVBT08yeH0If6R0x6UoGVb
09/09/2020 16:54:40,3-Sheohar,270,Main,https://drive.google.com/open?id=1koJvwcHs8h2gUBJBs6hEy9Ep113OSabZ,https://drive.google.com/open?id=1XgjHJYY0cTZImepqofLXor6vghVp3M67
09/09/2020 16:55:53,3-Sheohar,275,Main,https://drive.google.com/open?id=1ecBRprK3zSsH-BxYQeDx-E0EhlOQM4Wx,https://drive.google.com/open?id=1icXVY4Ls3J_bpmFJY940-Yk6nSOWB6Wr
09/09/2020 16:56:52,3-Sheohar,277,Main,https://drive.google.com/open?id=1PwCUVooXdeAtRX56Thzn_WTJauo_cUw3,https://drive.google.com/open?id=1VFP1XyhUKhwDrZL_VUc7KwJrExm6q7KF
09/09/2020 16:58:30,3-Sheohar,278,Main,https://drive.google.com/open?id=1zRmtpft88Efyv9S8YU8v5wUHNQDUmXIn,https://drive.google.com/open?id=1U8Sf9EYpY1qsYcCn6CpBfrtKO5_Sdk8W
09/09/2020 17:00:39,3-Sheohar,279,Main,https://drive.google.com/open?id=1LPgLjFC1kiSprO0Dv2IESqoJJ2Vx_njU,https://drive.google.com/open?id=1FcZHdA2oomsaKisTgmOoqQa1sWqHMv2h
09/09/2020 17:01:38,3-Sheohar,280,Main,https://drive.google.com/open?id=17omPmEonfEjKT0m8_HUXQVmZFQqPl05F,https://drive.google.com/open?id=13yY9X7MVHHXoE9zKCaCA1p620EhT397I
09/09/2020 17:02:49,3-Sheohar,281,Main,https://drive.google.com/open?id=1V24dKGTwQ6zfy6p9XuzOTmRgDalCabkG,https://drive.google.com/open?id=1dOOfLEXh0KCeVcO4L_-UThLYwrUcLl1e
09/09/2020 17:04:13,3-Sheohar,283,Main,https://drive.google.com/open?id=1sRBnJEFvWBN_A1j4ubJThdtIMTLW7VCj,https://drive.google.com/open?id=1b5_hJ03qcJtnKhrhZkgqk2YyQ1RIVvBV
16/09/2020 15:48:58,3-Sheohar,002,Main,https://drive.google.com/open?id=1RLS1BSCzx4y7bT-2EXNd0XzClxKJ6c1l,https://drive.google.com/open?id=1qk_Etz8LnucTnP-7BNHINaE8nmRP-YLd
16/09/2020 15:51:25,3-Sheohar,006,Main,https://drive.google.com/open?id=1ki3gifa54jpkb-XIZr0yxQQEhzS4c8-A,https://drive.google.com/open?id=1Wc8MOInzAGgfZvfw3hmbK9IFzLvvLmyE
16/09/2020 15:53:05,3-Sheohar,003,Auxiliary,https://drive.google.com/open?id=1Jk73ihIOubk04-m-xLpRAIBPS7BeyWkK,https://drive.google.com/open?id=15u5likcjErf-r0yNTfz5mYDFGJpGMjrZ
16/09/2020 15:54:41,3-Sheohar,004,Auxiliary,https://drive.google.com/open?id=1r5ROrkvcWd8zKQaaUk4HMBoKfL163UgN,https://drive.google.com/open?id=1xA90k4nwpsAvFabGpbTTWFYQZSuDqu57
16/09/2020 15:56:04,3-Sheohar,005,Auxiliary,https://drive.google.com/open?id=14q-tSMgSJVodZmt1kDQkQQJR-cEqeVGk,https://drive.google.com/open?id=1Mz6FgL1UXsrZiyxII1oscJIHWqUsimSM
16/09/2020 15:57:52,3-Sheohar,007,Main,https://drive.google.com/open?id=1btl562dXvxgz_xqwyvQM_OA-vzMkonJa,https://drive.google.com/open?id=1j9AXfHvftDd18tOJGLUD4pZ6OuHkXf2N
16/09/2020 15:58:53,3-Sheohar,008,Main,https://drive.google.com/open?id=1MnCiNAckN9oXvhPJ8otSsZ9YgASpDaGh,https://drive.google.com/open?id=1Yh3W5RnOP3uQjdikUJk7pJkMpbYd4dVf
16/09/2020 16:00:31,3-Sheohar,009,Main,https://drive.google.com/open?id=1NYYps_IhTZuzaZnrRUOQAoboOOvw9s9q,https://drive.google.com/open?id=1arVCbXPbtTyIuoffkwfb2kKJ17sQKikM
16/09/2020 16:05:03,3-Sheohar,009,Auxiliary,https://drive.google.com/open?id=1rdwp9KJsERowm4dyU8sP3EUNxci6YTg1,https://drive.google.com/open?id=1LaIh7C8TIgycwmyspqNW0dmj2FzxUkL3
16/09/2020 16:11:48,3-Sheohar,011,Auxiliary,https://drive.google.com/open?id=1uCPd58jhE9l61YfjOeJAsiTph5XE_fDc,https://drive.google.com/open?id=1YBwhMspJyUsS5TWVJvzAdQXHvglA5rhU
16/09/2020 16:14:10,3-Sheohar,012,Main,https://drive.google.com/open?id=1qmtniFhqI5Gyx-Z4GVpW3LWoeli44Pug,https://drive.google.com/open?id=1ctsaVbizefwVCbng-xhKDeJFS3Ab5mwi
16/09/2020 16:15:58,3-Sheohar,013,Main,https://drive.google.com/open?id=1mC20NdXEfk3qKH2MyQriANfx_knm28SM,https://drive.google.com/open?id=1CtppAWscGsXPntzZOmT3J2hQ_irSaT47
16/09/2020 16:18:00,3-Sheohar,014,Main,https://drive.google.com/open?id=1IccjJm5APh5O-lIeD4FFHOVI-e62PmOH,https://drive.google.com/open?id=1RKntPHWOBl4e9FEx5w25GZCQJpsHSVIS
16/09/2020 16:19:14,3-Sheohar,015,Main,https://drive.google.com/open?id=1y9zrPszZWa1g93l0XKrv8xStCMh_yC6W,https://drive.google.com/open?id=1W_2jZS0sm6XW4rJ7jAE-ae2bidSKr14u
16/09/2020 16:20:59,3-Sheohar,016,Main,https://drive.google.com/open?id=1ch9Z1pQLJXb_tN7BG-hBgkixzvmHiigx,https://drive.google.com/open?id=1A7A5m4Jjz8NW8PVTviYxDnGSMJVW2han
16/09/2020 16:24:14,3-Sheohar,017,Main,https://drive.google.com/open?id=1vppy2eGKvOMzzRqd6gaXJ0OBdY3nKSXn,https://drive.google.com/open?id=139GJ4igJJ_-0Q86C9lU5cQ6KctamDH5U
16/09/2020 16:25:16,3-Sheohar,017,Auxiliary,https://drive.google.com/open?id=1lKh2k62bz6Dw1-f9LnJJa4R4m5lzSsHH,https://drive.google.com/open?id=1nzOsfaCn4dSN8_cLNsvxTdGQfvwKjrmd
16/09/2020 16:26:19,3-Sheohar,018,Main,https://drive.google.com/open?id=1DZybNAKJJAUr_lSRoDVM43bNxG5PyTfC,https://drive.google.com/open?id=11j8IWZ3OmfLxYcwjd9TKOVw48agfE255
16/09/2020 16:27:40,3-Sheohar,018,Auxiliary,https://drive.google.com/open?id=1q6Oqts1onVYfJKO95fJc_20UWVVKFZ8O,https://drive.google.com/open?id=1kXAEy6hlr28x9gYbxb1to1oAeC3t07I-
16/09/2020 16:30:03,3-Sheohar,019,Main,https://drive.google.com/open?id=1LQkI0Y7pfCPlcTy1sK8YZ07M65wHxbso,https://drive.google.com/open?id=1re-3pwHgRYOO7pGzOObeQ9sHdCmVP3A9
16/09/2020 16:31:52,3-Sheohar,019,Auxiliary,https://drive.google.com/open?id=1VLisOUoXFT5zz7fump84uciKXXNERqB6,https://drive.google.com/open?id=1ZdGJr_gbdItJEjmAlhp-ZmpsPVQhsSxk
16/09/2020 16:36:36,3-Sheohar,020,Main,https://drive.google.com/open?id=1McMrOTCNnYMWH1H12R0l-uSsKK7iDIva,https://drive.google.com/open?id=1Z9ljsAiKiR1d6GeJNwK_BPJe-ZBGoxKk
16/09/2020 16:38:09,3-Sheohar,020,Auxiliary,https://drive.google.com/open?id=16vRSzR4AesSD5elmv2YowjHv7Q7Tthba,https://drive.google.com/open?id=1WFIrz1IwGBhuOA5OC3PD3BgaCC3hzYOw
16/09/2020 16:40:33,3-Sheohar,021,Main,https://drive.google.com/open?id=1S8ggIMTpM8MfeZTpOrrIt1rhPqKFp-LL,https://drive.google.com/open?id=1myMbh2NMsf24CkAu9yIifJ9a5QveQMZk
16/09/2020 17:12:08,3-Sheohar,023,Main,https://drive.google.com/open?id=1f-J8rLQCLZZp-WZlN-i9LupbKsjvZD6Y,https://drive.google.com/open?id=1ZptcvtBMZoPS3Eq5SiOp3icF526UHjc8
16/09/2020 17:14:20,3-Sheohar,023,Auxiliary,https://drive.google.com/open?id=1TQ_ty0I0BEtCEmxvFIDXCFOguxQiHnxc,https://drive.google.com/open?id=1UMRDtE2AS4OrXXxHC6VgpzujAUQVehVs
16/09/2020 17:15:28,3-Sheohar,024,Main,https://drive.google.com/open?id=1wZDeLvuDLD_gbIXJSpFgq8Z5uFMDk-Qa,https://drive.google.com/open?id=1TRJbrlDEWEaqhn7B_My2irN1L7hI_pOo
16/09/2020 17:18:10,3-Sheohar,024,Auxiliary,https://drive.google.com/open?id=1VnjTaLJGkMhPIvmU8QaLfV70BmF8q215,https://drive.google.com/open?id=1BWdBZdvy0u6WQCVLAAAalSakHzRjajuL
16/09/2020 17:19:15,3-Sheohar,025,Main,https://drive.google.com/open?id=1HNvcORV85i2ijQqFc_v_GiPLIAT6X9RR,https://drive.google.com/open?id=1QMoUBT7HRbM0zpJ-Rn_dRbzJg3rpQMkq
16/09/2020 17:21:38,3-Sheohar,025,Auxiliary,https://drive.google.com/open?id=1w1Oi0JUXusE5i6DCDtW2fDywMAxhq2O-,https://drive.google.com/open?id=1QnSntlP9HwwnYNvzYxYiayn4YqyDWbTQ
16/09/2020 17:23:21,3-Sheohar,026,Main,https://drive.google.com/open?id=19httVc5I6_z5NKWXIFDpe4rYTCvlVMmo,https://drive.google.com/open?id=1QeZDIpHfBcL5V-UxazdVB7Kzc3DvryKx
16/09/2020 17:25:07,3-Sheohar,026,Auxiliary,https://drive.google.com/open?id=1VQ4EBxSqKStUflC5ooWXAzNj42fj2GNM,https://drive.google.com/open?id=1Z3vrQ3Z7Lx_-68Ak9ipA3dwhLUhEkCMa
16/09/2020 17:26:35,3-Sheohar,027,Main,https://drive.google.com/open?id=1TM0FkicHD6vy3UCUmGbV4nKPC2BAzNrt,https://drive.google.com/open?id=19O1c2YNcubwHIa6-Hv-1aIcfhYj0SPFl
16/09/2020 17:28:35,3-Sheohar,028,Main,https://drive.google.com/open?id=1Oz4weqcGO5eiFidt7eVW1axIJ-1ucAEY,https://drive.google.com/open?id=1iPNlz8aFDRZ1RA6yrGjz0noD7E9WkBRb
16/09/2020 17:30:13,3-Sheohar,029,Main,https://drive.google.com/open?id=13q-hGdHEwAWCNX_5dzloVjD3igzD-SA7,https://drive.google.com/open?id=1kG1RUEk6bvLdsLJ4IJ-DuF_s4gVjD89H
16/09/2020 17:31:39,3-Sheohar,030,Main,https://drive.google.com/open?id=1ZO3FnYz4D7rIEUMGWvslIJm_Mg5YU3b6,https://drive.google.com/open?id=17-qyMXJaVD-FrBRp1ocUFFV19w4WFcSU
16/09/2020 17:32:54,3-Sheohar,030,Auxiliary,https://drive.google.com/open?id=1WG4RVGxW1c3cBk4nXhY8dUoMZjxvzGu2,https://drive.google.com/open?id=122Qx1p1z275h-Dpm5FbRvu3tkWwBg1EK
17/09/2020 12:19:31,3-Sheohar,031,Main,https://drive.google.com/open?id=1IF2Tyn6Lt6cswx-7K5OaOiZcmCod0hz6,https://drive.google.com/open?id=1vkTdAIYzj_eGZS781eeS050Hp8SxERNk
17/09/2020 12:20:41,3-Sheohar,032,Main,https://drive.google.com/open?id=1VZ31LMWCGfSgMQLFLkjxHkwyQS9JSUW9,https://drive.google.com/open?id=1_C0tt8EVQG3hsfFZBtjpYrvH--5L_ho_
17/09/2020 12:25:45,3-Sheohar,033,Auxiliary,https://drive.google.com/open?id=1Qq_uGGX3RRw6_JLlE9mxGKibSWEqrOcr,https://drive.google.com/open?id=1ISQAwGG7JZbDzdLx7AJCgW-cRzWOqFkC
17/09/2020 12:27:29,3-Sheohar,036,Main,https://drive.google.com/open?id=1HDWyZeIPio1ptDOfhHE0-jlP6G05t4v8,https://drive.google.com/open?id=1QESqdKOZcxXmc1doqTvMoBxvCGkdKe8c
17/09/2020 12:28:35,3-Sheohar,037,Main,https://drive.google.com/open?id=15mt_E1iivTpCiFJZP1iaHZ9StwCknQJs,https://drive.google.com/open?id=11oN2XH2JSNflCZXSVEZgDTCkN4F7PfbT
17/09/2020 12:29:36,3-Sheohar,038,Main,https://drive.google.com/open?id=1XTn9idYp5MBwiJT3lGadSF0Cju522SPF,https://drive.google.com/open?id=1K9HiuZ-OO0e2AEf_fVcedhQTX_-PvNDV
17/09/2020 12:30:31,3-Sheohar,038,Auxiliary,https://drive.google.com/open?id=1-dthjMfcKPxYCzBo-IOZc1GUGCBsl60m,https://drive.google.com/open?id=1YHneUHOVTtr-7BniKckdwx25x8zpaTga
17/09/2020 12:33:40,3-Sheohar,039,Main,https://drive.google.com/open?id=1kGlHKpmQ4AR6IzCAOxtBw5UD0VXm2h2G,https://drive.google.com/open?id=12zG2pgj5uggw1Sv9FW2XzfvtoGPfS0b9
17/09/2020 12:34:34,3-Sheohar,039,Auxiliary,https://drive.google.com/open?id=1ODhS52Tf-mc3aIRSHoDXIqjPHWhd6InS,https://drive.google.com/open?id=1tddcS3fvj0XUI-LUqrOhdKJiyIq-7pil
17/09/2020 12:38:15,3-Sheohar,040,Main,https://drive.google.com/open?id=1uUu7il5MQKlv8HMmA2sPLWziH42XSkrk,https://drive.google.com/open?id=1tCaBNybNRdiNVTHk5v7mz71HmW4RMyNu
17/09/2020 12:39:42,3-Sheohar,040,Auxiliary,https://drive.google.com/open?id=1ALNz9k_ZSaR5jXLTEYsx5K578Tdun-Ba,https://drive.google.com/open?id=1PKoB18DUncZIKhxdYT_XoMGgiNtUvRZ9
17/09/2020 12:43:42,3-Sheohar,043,Main,https://drive.google.com/open?id=1s2Ba5lViXNixcF7M3194woWLWE-vP3Tz,https://drive.google.com/open?id=11zjk5xLtNaUtGzIhEGX5lMx3ScccTegO
17/09/2020 12:56:10,3-Sheohar,046,Main,https://drive.google.com/open?id=1uPM8Yvwvm3GrzTbPZvza3qghOlY-UReJ,https://drive.google.com/open?id=1Y3PuMBqHaUQVMs02G36EQKdrVoSGTukT
17/09/2020 12:58:59,3-Sheohar,047,Main,https://drive.google.com/open?id=1nDPzIRtN79nwqz4ovLA9aE07zAkPCIDu,https://drive.google.com/open?id=1lP0pf1HzLfHREeAPp-g5-zjzC6rZoksx
17/09/2020 13:00:56,3-Sheohar,047,Auxiliary,https://drive.google.com/open?id=1sUqVtNMT_LYRwygrlq-s8rdDbhhgW27V,https://drive.google.com/open?id=1iHIPcCCVhpfzicndpI5q1SyPMd8yGQNK
17/09/2020 13:03:47,3-Sheohar,048,Main,https://drive.google.com/open?id=1ktOYWsDz6F8Nf1QXfrxNjT0W46gmiwo8,https://drive.google.com/open?id=1BtENygVwgGfX8eU8JWQB5X0mTiiaOZ_t
17/09/2020 13:12:56,3-Sheohar,048,Auxiliary,https://drive.google.com/open?id=1u0xllIKWNqghoAlp6-uFfbWNkImjbqDa,https://drive.google.com/open?id=1PcCeE3moEhl5_oQj1szHGgPu4cvPvR6k
17/09/2020 15:17:45,3-Sheohar,049,Main,https://drive.google.com/open?id=1IJ4P98eWhzGxlY5Q0aNu0A9T5vEqGIWB,https://drive.google.com/open?id=1dCte9US1bUBqmmOZrhWImhBu-vAqRiBm
17/09/2020 16:34:11,3-Sheohar,049,Auxiliary,https://drive.google.com/open?id=1YppnslArseRfwVubNvzN72fNPJzbNUxC,https://drive.google.com/open?id=1ocl_RPtFta05J6P9VDXYshtZ9yBNLgRm
17/09/2020 16:41:45,3-Sheohar,050,Main,https://drive.google.com/open?id=1xWq5cDNDRQxr69hqMBzuHkjBsD4PYz8f,https://drive.google.com/open?id=1gP74Iq900Nl3w1FvBtPnieI2hFWtwrij
17/09/2020 16:43:42,3-Sheohar,051,Main,https://drive.google.com/open?id=1IXZHd6m1QMnBaBg9SicB1Oc2ut_E_KQ0,https://drive.google.com/open?id=1lQHlgJP1dWEyN9stFUMj_qTKMYxO7Vba
17/09/2020 17:00:13,3-Sheohar,052,Main,https://drive.google.com/open?id=1OguZR04C9bhkRyiEjLGP-rKJNYN34x14,https://drive.google.com/open?id=11UXNq2pjV19ZKpN9IJb8csWJQg_U1IKA
17/09/2020 17:04:50,3-Sheohar,052,Auxiliary,https://drive.google.com/open?id=1TGNVvzzceQXkBn4te89ifhvZ33sBl3pi,https://drive.google.com/open?id=1z-CDobvJrRzZNVv0QbRIU8jhKpUE9rEO
17/09/2020 17:08:40,3-Sheohar,053,Main,https://drive.google.com/open?id=17S1kpX6lataYVqLqUEEa55y0JNeQyAW0,https://drive.google.com/open?id=1Cydiwj4PAXeN1F4ycWgWg-DhTXvTW097
18/09/2020 11:13:22,3-Sheohar,053,Auxiliary,https://drive.google.com/open?id=1i0z9GO_6SxBBPScNByYB2pBedFB8aR2Y,https://drive.google.com/open?id=1QJLQaTSEbeYFghnjFiId-EQN0IoFnRAT
18/09/2020 11:17:30,3-Sheohar,054,Main,https://drive.google.com/open?id=10TmS52X7OjJ4xxT4wSG5s4nn6gQwB7DU,https://drive.google.com/open?id=1sjBzBfjY-rsoFxdy-XVAJnGIU33G8Tef
18/09/2020 11:20:11,3-Sheohar,055,Main,https://drive.google.com/open?id=11LGD9hUiAMYUJUYbdCfyENhJW4mkiwoU,https://drive.google.com/open?id=1Mn3Uvw7_zFOL5fNYj0S2xTY6a5ueJNxl
18/09/2020 11:22:29,3-Sheohar,054,Auxiliary,https://drive.google.com/open?id=16M3PZL7PCsKEw8bKGKvEAOKxS2KtDqGI,https://drive.google.com/open?id=1akRyL4d8aF7wFzQh4gSQxVdBnEPXIG0_
18/09/2020 11:25:09,3-Sheohar,056,Main,https://drive.google.com/open?id=1_7uH2_vNBfEZKtCB971VI0wqaGBImEit,https://drive.google.com/open?id=1KbXBUBEqu7VXBkI5x_AihCFAKjFM4WnD
18/09/2020 11:31:31,3-Sheohar,057,Main,https://drive.google.com/open?id=1seKjexsbx5zt-qTzh70pObgf3Zm8-QQB,https://drive.google.com/open?id=13TDJ0RN2xl2xPhQxj6SMaSExHWAkRbBJ
18/09/2020 11:36:27,3-Sheohar,058,Main,https://drive.google.com/open?id=1FWg7M5iyleqaqXEF_dxf2Fh8EV90r6dm,https://drive.google.com/open?id=18tZrjZMFU8klhxG0IaRj5qjl-etyZYXf
18/09/2020 11:40:55,3-Sheohar,058,Auxiliary,https://drive.google.com/open?id=1ib-LOHK6bNXnDLWT3d6tzUPHv--JMZI1,https://drive.google.com/open?id=11hfakOZ87rD_v49dUO8HQ3RKRSkZkH87
25/09/2020 15:56:38,3-Sheohar,148,Main,https://drive.google.com/open?id=1eVQIe7Xo3lyBH69ioUW2EzQXKHQ8x-qu,https://drive.google.com/open?id=1SSlihA_xsfddmVqE8f5NNW7YQIoNSCCk
25/09/2020 16:02:59,3-Sheohar,149,Main,https://drive.google.com/open?id=1tVX3nLUugWLvmNlBOVJSxT6A3UfG4upY,https://drive.google.com/open?id=1sZtoTWyBJtkN8FFQ_QHu0KrZMdzVFjd1
25/09/2020 16:10:16,3-Sheohar,150,Main,https://drive.google.com/open?id=1uxSEVGV6sewGw0tRa2n9IUNjmzYBtpmN,https://drive.google.com/open?id=1ZkAwAXz-of6xUDy1-qV2SEfqgc_YmBuk
25/09/2020 16:20:33,3-Sheohar,133,Main,https://drive.google.com/open?id=1dY2vY7Ot7I-ium-bYHyDxTPHkOxQM_6c,https://drive.google.com/open?id=1YprIDJ90S7Etzr6hz6ieEddUm2FYEQ88
25/09/2020 16:22:14,3-Sheohar,134,Main,https://drive.google.com/open?id=1nDA_x1ot5mwimXC0hCZmh9bxUR1DJvRk,https://drive.google.com/open?id=1WuzxNWlSZT6udqltmCZ9Gw-42R7f_c6X
25/09/2020 16:24:08,3-Sheohar,135,Main,https://drive.google.com/open?id=1dVagBggPbbCpYExtYJ5Nh-VlME27J7um,https://drive.google.com/open?id=1pTMlRSaI5pPajK5sq05PDVUdjFmWc4nO
25/09/2020 16:25:35,3-Sheohar,135,Auxiliary,https://drive.google.com/open?id=1j364K1PS3jPIYD8BPUhw4vUe7zcU7sjF,https://drive.google.com/open?id=1UAxQqlQa2Rr0e0tGAOyawtCG4O5eMx_Q
25/09/2020 16:27:38,3-Sheohar,136,Main,https://drive.google.com/open?id=1tDTyIH-1Ram0V0yijKB4-LIgXtrT9v1M,https://drive.google.com/open?id=17D1dQU0YVXcSvPr5meOnomVcWktrzee-
25/09/2020 16:35:26,3-Sheohar,136,Auxiliary,https://drive.google.com/open?id=1ajDUjwdXDFHaxwC5nmT-oY2L8fCS2ogp,https://drive.google.com/open?id=12wYoj9JzYSasAzdRVD_B5RJi1VJZP3oX
25/09/2020 16:37:10,3-Sheohar,137,Main,https://drive.google.com/open?id=1NSutPCf6sY7ejJSE6X-YyHTgqdAdInEa,https://drive.google.com/open?id=1Q222R_oYximEe2i7zbui5arDcpgxMZWy
25/09/2020 16:39:37,3-Sheohar,137,Auxiliary,https://drive.google.com/open?id=1RwrBJ5wf35UGJuPWQK-QGmRNU1uxYBmt,https://drive.google.com/open?id=1SKCFM5S7Z3Tjrnw2auJ7AH9cPvXBQ_xX
25/09/2020 16:42:59,3-Sheohar,138,Main,https://drive.google.com/open?id=1mtApsB-3L2Y2jjJa1tmDs6EsSH7ZHfUw,https://drive.google.com/open?id=1qh1_dN133ISxjzS_bAQSIw89U3IGPH4j
25/09/2020 16:44:16,3-Sheohar,138,Auxiliary,https://drive.google.com/open?id=16aGDePamq4fwVLq1gh151cB9U8e9Zsfn,https://drive.google.com/open?id=15BLmBvlvh_18lzNkmhfGeXGZkkbcFH4m
25/09/2020 16:48:16,3-Sheohar,139,Main,https://drive.google.com/open?id=1jIaegFgTUVdfstRXjsimLfUjh8SpnKfo,https://drive.google.com/open?id=1wtjl30dataMJ9Ar_OnVfbpUvrb5YrlCZ
25/09/2020 16:49:55,3-Sheohar,139,Auxiliary,https://drive.google.com/open?id=1XimH3EStu6UdiQnA692m6DbkMGF7ZYRO,https://drive.google.com/open?id=1eYq-SZ_r-CPxbEz42qEe8TEmIWRUdOmY
25/09/2020 16:51:38,3-Sheohar,140,Main,https://drive.google.com/open?id=1k1i7Gngbj94cOv5OhKx0MV2iVD4ZBuk1,https://drive.google.com/open?id=1RjTbdsZu5zW6a7ZHW5UbwAf1FgoQ4ptg
25/09/2020 17:03:46,3-Sheohar,140,Auxiliary,https://drive.google.com/open?id=1rG6crvsk1EkAUMUUqbebauH53ClclEeg,https://drive.google.com/open?id=1acrI9pll83ijzPyg4fScggHsh0JeVJvJ
25/09/2020 17:08:02,3-Sheohar,141,Main,https://drive.google.com/open?id=1T4GAd-VokL1qoymG_o8TPouUAfnyTuPp,https://drive.google.com/open?id=1PjKJmoE7LjLlws_xdUYL2z9KS5QpDf66
25/09/2020 17:09:26,3-Sheohar,142,Main,https://drive.google.com/open?id=1o61j7-aPY_Ug_3XWnYEz-9fAO5Dw6EJ-,https://drive.google.com/open?id=1bU56W62kKhwhiH6VjVReJfeFwXevux0D
25/09/2020 17:10:50,3-Sheohar,142,Auxiliary,https://drive.google.com/open?id=1XX2JuC7sUC9wGxPBJV_SHRFbS3lgXtNs,https://drive.google.com/open?id=1cmFcYDsDLXrVVKrAvTVIVekvI6Z1DUCr
25/09/2020 17:12:12,3-Sheohar,143,Main,https://drive.google.com/open?id=1bR5hqso7gYWjeQvDPi4LDv0EGzMM-VWm,https://drive.google.com/open?id=119aUIDxASivz1iaPAKWKCsPxGb4u6JqQ
25/09/2020 17:13:40,3-Sheohar,144,Main,https://drive.google.com/open?id=1Ze39h1CRf7ouGIYUunuTNQtyQXE6rVq2,https://drive.google.com/open?id=1sKrmgCN8z8ZK_97-lYA31rcSllLWW9Dt
25/09/2020 17:14:58,3-Sheohar,145,Main,https://drive.google.com/open?id=1yOL1TyEgdNZBEh3-zi__0xX2DrPg1vwT,https://drive.google.com/open?id=1YiUdZrI1wxmVYtXt5-llTvUjKvqN-CVY
25/09/2020 17:16:14,3-Sheohar,145,Auxiliary,https://drive.google.com/open?id=1rJXvVEhzZrO_mTHidjfYV0ZHGVf4CUTY,https://drive.google.com/open?id=1tAaTlVr2q4iJIAfaB9bsuevvQH9WP_fa
25/09/2020 17:17:28,3-Sheohar,146,Main,https://drive.google.com/open?id=1rpNGYa45t54Mj998pSyizlgCc9XJHrsd,https://drive.google.com/open?id=1d514_CQXqqtUWsTGs_bZ2Ak3WQRceI6K
25/09/2020 17:18:53,3-Sheohar,147,Main,https://drive.google.com/open?id=1qzKOejJHquSnuRMgOIZQbhOITUWZBc9b,https://drive.google.com/open?id=1fAr1Zk83X4790FIBFeLPg3teVl_85M7j
26/09/2020 10:54:35,3-Sheohar,151,Main,https://drive.google.com/open?id=1vZvexdKR_lbUWs_qXHO-32YXFxmwxFlp,https://drive.google.com/open?id=1oBoXKQDTyY-wOr7MbKFXpiV_UnTJVVvW
26/09/2020 10:56:09,3-Sheohar,152,Main,https://drive.google.com/open?id=1FNUiltgAKsHazp-yp4P_kVKtYj5PC7Bp,https://drive.google.com/open?id=1bgygRjMN03K-P4WCUoALM92ngxGUtd52
26/09/2020 10:57:43,3-Sheohar,152,Auxiliary,https://drive.google.com/open?id=1IJB__tMMRsgE_SSwZye9NTY34Bbs-n79,https://drive.google.com/open?id=1t1l5cUWRs3c8-gA8UzZ2C4JwC9o0T_dm
26/09/2020 10:59:15,3-Sheohar,153,Main,https://drive.google.com/open?id=1fWVHmuCBkk5Jm4Dsmn5MquCUDx7Prjun,https://drive.google.com/open?id=11OdtjI-dMA0Pkz-Duqxke-C5IA8It_EI
26/09/2020 11:02:03,3-Sheohar,154,Main,https://drive.google.com/open?id=1LIllA4lSx-M0Am8lCEVZUVwqlLX61nOk,https://drive.google.com/open?id=1fYzOaVTvr_wfETNg03OXWLrwkL4IZXuZ
26/09/2020 11:05:40,3-Sheohar,154,Auxiliary,https://drive.google.com/open?id=1lhasCoGbSvHWyWhuYRiXLeihT2YxDvgk,https://drive.google.com/open?id=1rD0qYukGnKFXtacKazuQF2rK5KAKBq7b
26/09/2020 11:09:02,3-Sheohar,155,Main,https://drive.google.com/open?id=1pNhQjKKuqMB33JpekmoL2If2KcrAgwP2,https://drive.google.com/open?id=1x57SUmreZfPc-QTUxofbFEm7_5sGpjla
26/09/2020 11:09:58,3-Sheohar,156,Main,https://drive.google.com/open?id=1KCwSPyrRRyPJXg8yEV6omiWIjfiZ1rJA,https://drive.google.com/open?id=1XUMrumUzUAhK7AfZH5SOaPEMEVhQPCjB
26/09/2020 11:11:19,3-Sheohar,156,Auxiliary,https://drive.google.com/open?id=1XQtROZ2syXY2o0aFz9x9HfOIKbu6ykno,https://drive.google.com/open?id=1uXZoMk9shdOltFEuCVMgDPQKBxH9NaGX
26/09/2020 11:12:19,3-Sheohar,157,Main,https://drive.google.com/open?id=1imx--GCrogpw6LDk3kvxJP62m1qyB_1p,https://drive.google.com/open?id=13T2ve7lOOjjuaHV3wOPGFU9FSZFDF0mX
26/09/2020 11:13:59,3-Sheohar,157,Auxiliary,https://drive.google.com/open?id=1P8_a5e_ARTn5bNzkruBRuZEbZd9k7Eth,https://drive.google.com/open?id=1XsNe_yy55QnHHIRMVmzKWyyb2epwFFdu
26/09/2020 11:44:57,3-Sheohar,158,Main,https://drive.google.com/open?id=1NVwWTOxcgLEYTFanl3dDaZvc7nTW121b,https://drive.google.com/open?id=1IlRCHRnoWH3NZW4hDmQODT4pZxY1sCfH
26/09/2020 11:46:03,3-Sheohar,158,Auxiliary,https://drive.google.com/open?id=1AmgvIRWpT4w-eVdg3_88oTh2DQuQRa-c,https://drive.google.com/open?id=1IqTzUGiDj0xcjsMF2K6NwNLObwH6bKwN
26/09/2020 11:47:07,3-Sheohar,159,Main,https://drive.google.com/open?id=1B4FmoVxoEu8Ef7AmzGWKpnWsQbXRADeD,https://drive.google.com/open?id=18GxurSIN-BRYLoe75jKI6rH9O8iNijXO
26/09/2020 11:48:04,3-Sheohar,160,Main,https://drive.google.com/open?id=17A1z-8veOkjRXoj_s7XQlldPdQ6_bgq1,https://drive.google.com/open?id=1EF1b2ZnjlQIOYvTfh5TVJpYzYHk_O3F-
26/09/2020 11:49:19,3-Sheohar,161,Main,https://drive.google.com/open?id=1rkp-7JZDMI7HU_y_etwOyDSziMkgJi3W,https://drive.google.com/open?id=1LLbYssX2fKKd9TKS-EyJKSQ2eQp-XSMb
26/09/2020 11:50:43,3-Sheohar,161,Auxiliary,https://drive.google.com/open?id=1_7T9f8jmAo7bf3oshj8s3fhPU1i0ajmW,https://drive.google.com/open?id=19t64DUwdLqPUu_XWGSyotq3KNMTfmdk2
26/09/2020 11:52:31,3-Sheohar,162,Main,https://drive.google.com/open?id=18jipLeXOyk3s-sOnNpp9W036R_ZQObdN,https://drive.google.com/open?id=1uRW7S5QIpJPOM2sRxXhmjtAbCv0-sRHS
26/09/2020 11:53:45,3-Sheohar,162,Auxiliary,https://drive.google.com/open?id=1OuYVMsmXOcXNL7uup45ipc8YmhFZOr06,https://drive.google.com/open?id=1p4r_CF30dxGTsv26LUElOuqfqvkXZjeH
26/09/2020 11:56:11,3-Sheohar,163,Main,https://drive.google.com/open?id=1p3ObHzHi9RDA_XgUQXCcZ6pvU-iC-noR,https://drive.google.com/open?id=1n8MC7kPMG4bHy6oczzI4Eq9cMhovYG1V
26/09/2020 11:57:12,3-Sheohar,163,Auxiliary,https://drive.google.com/open?id=1n43AOlTc0Sk1Xz9XO-QrRHUhyl0PaHVZ,https://drive.google.com/open?id=16F5r5zGYb0UpIr6qD_Or5U_UHUaRdJcP
26/09/2020 11:58:19,3-Sheohar,164,Main,https://drive.google.com/open?id=1apBmBSUqx5DrX8UrshoqmPdmjHIYw4NN,https://drive.google.com/open?id=1Wef75t8mq7gemqNq5PVmGhtDNr5cVM-i
26/09/2020 11:59:41,3-Sheohar,164,Auxiliary,https://drive.google.com/open?id=1CazTcqHUKyF4M9V1WMXmNRuRzACtEeuD,https://drive.google.com/open?id=1cMz3xDZQvUnKy4-1pSHIARlyh36ltnjN
26/09/2020 12:00:57,3-Sheohar,165,Main,https://drive.google.com/open?id=1ssEg-_6WmCvnYtwhoA2kvmlCobT6kNrI,https://drive.google.com/open?id=1AYubZ1yl6927u2FaJ_kL8m7tAoMIK6QE
26/09/2020 12:02:19,3-Sheohar,166,Main,https://drive.google.com/open?id=1gpZAcofe9nvllLC-RNgg5lPAAAPX-Rad,https://drive.google.com/open?id=1K5AUNYL6Kvpia6TDH5XvnsE9rjvxD7QM
26/09/2020 12:03:43,3-Sheohar,167,Main,https://drive.google.com/open?id=10AVLITD2Dgva-UQTdJrfBRLU4QJKg5L3,https://drive.google.com/open?id=1LonTnu6oJDd7PgBD0JHvNutwS6zG54JW
26/09/2020 12:05:03,3-Sheohar,168,Main,https://drive.google.com/open?id=1hWur62EbThqQyagZDYUSPgM_KDMiTPDw,https://drive.google.com/open?id=1d-l3wCXh82479_qFbREdFRsF1S_Otr3w
26/09/2020 12:06:12,3-Sheohar,169,Main,https://drive.google.com/open?id=1d8W9V7X7R2cMPvboa3_lxHHy8PDfGcL7,https://drive.google.com/open?id=1AFDYDq0Tg8KtnhMKFlSpD5CGTLmhenM1
26/09/2020 12:07:23,3-Sheohar,169,Auxiliary,https://drive.google.com/open?id=1qaVeovkZEsR4wizpvhOUWOJSO7-Z3iei,https://drive.google.com/open?id=1rRBEgob7vtpxNQpcqlqCxj0i6Dyh-PjV
26/09/2020 12:08:28,3-Sheohar,170,Main,https://drive.google.com/open?id=14AcMDqPkUTEyZ4mCOvFcDH4BWTd3V56p,https://drive.google.com/open?id=1Joq9fyDTbYgLeqQzG-ddiY0aQSwIBGNI
26/09/2020 12:10:20,3-Sheohar,171,Main,https://drive.google.com/open?id=17ludcgmJc-1PJ1lEZm5GIxIsL1pH3i1i,https://drive.google.com/open?id=1DzdeBnUtEjmmZJhcxuuF6WrwA7hF5Txi
26/09/2020 12:13:18,3-Sheohar,172,Main,https://drive.google.com/open?id=1-MJ7dxC7f84utLueXPm9KfyeLSKZCusD,https://drive.google.com/open?id=1Zw3yViJKavTB5NIB19-NXEFX0zrOgpL2
26/09/2020 12:14:55,3-Sheohar,173,Main,https://drive.google.com/open?id=1YIvBi9k2Ke2mIXC_Te6P0ohK4tf8hLaX,https://drive.google.com/open?id=1Kjt_d4oqgC6T2UrpMyQtEcqO14Mlm0zt
26/09/2020 12:16:09,3-Sheohar,173,Auxiliary,https://drive.google.com/open?id=1yYdb_bGGA48kbTPSf8qCgw2GKjDWVNHU,https://drive.google.com/open?id=1-t2oE11s3K_KPDVga7QCQIObQLmxa-Or
26/09/2020 12:17:08,3-Sheohar,174,Main,https://drive.google.com/open?id=1NcoVvEftpmPlm3wp_F9fuaEsGBqxnEyi,https://drive.google.com/open?id=1wmGjf7W8eokoGEjN8BG1smU2rSjDNMfX
26/09/2020 12:18:13,3-Sheohar,174,Auxiliary,https://drive.google.com/open?id=1N6Lzs1xnZ7z5B-e6Hpoy2fQTg_gWprPY,https://drive.google.com/open?id=1BqstBLTRpHES35WrA4STtkdDcSS0hlcf
26/09/2020 12:19:34,3-Sheohar,175,Main,https://drive.google.com/open?id=1M2Q2X-y5YOMN51ojOQUPIgba6VzgciRb,https://drive.google.com/open?id=1SfdGn9LEIalCg3zk2TDWtZKLOGYp3ZM3
26/09/2020 12:20:46,3-Sheohar,175,Auxiliary,https://drive.google.com/open?id=1bwbF8EyeSQERT4bykBux_xViy3ex2YXp,https://drive.google.com/open?id=1SZ4HpESw8QLxeKlMg6VfCnbUY-iVWkE-
26/09/2020 12:21:58,3-Sheohar,176,Main,https://drive.google.com/open?id=1tvaOPCYYDtWZGa8aJgvwzdG3ovPAHcQR,https://drive.google.com/open?id=1eit4oY_yUbjjX4Y_QGB4IJtcIT6cCkCu
26/09/2020 12:23:28,3-Sheohar,177,Main,https://drive.google.com/open?id=1C543Ic8xLspzQrKMTJ9CNa8tR1dPCvk6,https://drive.google.com/open?id=14d1o5r1SRdchHSBkVRMPMUpry36uoCzm
26/09/2020 12:24:45,3-Sheohar,177,Auxiliary,https://drive.google.com/open?id=195_bMfhVxA7VIQCvhL7fIpObK9V4peSI,https://drive.google.com/open?id=1ZMsX-dk5oYzs494i6EUbb5McsOSDktep
26/09/2020 12:26:10,3-Sheohar,178,Main,https://drive.google.com/open?id=10_5yH5IBX6qCBbUSFHGkYVhIGesf7kG7,https://drive.google.com/open?id=1hSXSB2LKJpXeiBXv_9HlUIeQn33vkFSo
26/09/2020 12:27:25,3-Sheohar,178,Auxiliary,https://drive.google.com/open?id=1k41_fNstWtOZeL-9O7XQiUR0CrREiWfX,https://drive.google.com/open?id=1lXCj22WWVklqOvpJf79AfV7SNFLc22tG
26/09/2020 12:28:33,3-Sheohar,179,Main,https://drive.google.com/open?id=12NSsBYz_famGcpc4c-s76pcp_FD1tiDN,https://drive.google.com/open?id=1L8BWYmfEXAG6ar9Z-D8TgnghRrSDL2Gy
26/09/2020 12:29:59,3-Sheohar,179,Auxiliary,https://drive.google.com/open?id=19Fy5R4OrxREv_-z4DgMDO5Qk_a6WT62H,https://drive.google.com/open?id=1yE0HTuQkBy_B5h-CoFu_TiTQr0bTJT6c
26/09/2020 12:31:23,3-Sheohar,180,Main,https://drive.google.com/open?id=1djeIATE5TZochFJU3TkAoiDX8A1i_bDh,https://drive.google.com/open?id=1CmLldnzRc3KLLsvozk3C4H1biedDHIWB
26/09/2020 12:32:47,3-Sheohar,181,Main,https://drive.google.com/open?id=1jLlBpGjAoPq923waWXrjZKG2gjJMJT5P,https://drive.google.com/open?id=1Ai_96Yv1Y7xWOEr8PvjNLL7XjTGkfSwE
26/09/2020 12:34:14,3-Sheohar,182,Main,https://drive.google.com/open?id=1kxT8qRMibjC5A9CUFQhThks_s5_N_csG,https://drive.google.com/open?id=1NCqkz9j29_WWtzyAmUkeVoInu-nVyxbR
26/09/2020 12:35:55,3-Sheohar,183,Main,https://drive.google.com/open?id=1W9ETMpW1oO8GdQH5vPZ6biJnIqhndQLa,https://drive.google.com/open?id=1CgN45SpJRUOX5HXfhgbSYkPkwusdUaaF
26/09/2020 12:37:23,3-Sheohar,193,Auxiliary,https://drive.google.com/open?id=1Bo6e3p09pFE-tHl_NJxq8O6hQuhLQLAd,https://drive.google.com/open?id=1RIWjS6--MzXekp3O5M1l69K0xCA6S8e1
26/09/2020 12:38:58,3-Sheohar,184,Main,https://drive.google.com/open?id=1cJPcQqmpxWq0UEcOQUI7A5hrGmofLPjw,https://drive.google.com/open?id=1u_ezWUCPRMvVaBUeKR-U3L9T2DzdqqUF
26/09/2020 12:40:17,3-Sheohar,184,Auxiliary,https://drive.google.com/open?id=1p8pSvn4hKqkMBu0uOJzVE4YImZGkEDjx,https://drive.google.com/open?id=1i3gSu-mBDmq8DF6VeMn-mBqkpG8LlDZO
26/09/2020 12:41:41,3-Sheohar,185,Main,https://drive.google.com/open?id=1B8jAujjQI6s5lHuM0JhqNBVNIdzFmlz1,https://drive.google.com/open?id=1pFzEGuIVaQFYE8TTspKmi19N_oKrsuN0
26/09/2020 12:43:53,3-Sheohar,185,Auxiliary,https://drive.google.com/open?id=1HWh5j-ce0a9ovq8rDvcX0xPk1pcI8h-Y,https://drive.google.com/open?id=1hXO0AZCtWXnv6vO6JeU3H0NoCfGY5jgv
26/09/2020 12:46:33,3-Sheohar,186,Main,https://drive.google.com/open?id=191LCnUkyUTALuWvbr50BSvZ5520LO2-B,https://drive.google.com/open?id=1iZzIqvaf7ZKWeCdS5tjHY0Y8zFNgnVaJ
26/09/2020 12:48:19,3-Sheohar,186,Auxiliary,https://drive.google.com/open?id=19stQguf6VBwgrRD-xcJIlUdIaV3x3Jub,https://drive.google.com/open?id=17UHpGNX_1R8Ty-e86acy-LgwSmbvNI-D
26/09/2020 12:50:16,3-Sheohar,187,Main,https://drive.google.com/open?id=1OAjLm6mViNxk8asuO4Y-U6PI5Rok0wGN,https://drive.google.com/open?id=1qvYhiTKSPnY-u_8sgVSQ7IZbp_ti5kev
26/09/2020 12:51:46,3-Sheohar,187,Auxiliary,https://drive.google.com/open?id=1mdaPzIxXHlxB0Vt5qNY1j03uKi0PbU4E,https://drive.google.com/open?id=19zWBu_fiiQ5hSL2hQZjvf_7aC-oefVjT
26/09/2020 12:53:07,3-Sheohar,188,Main,https://drive.google.com/open?id=1BEs6fHVHv-tddNnmz1Q17v0YLPIeckBZ,https://drive.google.com/open?id=1m2GILFq4VoeLFrtupUcGbKLDUKqtejLK
26/09/2020 12:54:15,3-Sheohar,188,Auxiliary,https://drive.google.com/open?id=1EtGB43ERpGZPRYIm5FYLyoDZ1G024Y6K,https://drive.google.com/open?id=1fESwVtgrVD1X8SN13pxlKZZ1jZr8WrFY
26/09/2020 12:55:19,3-Sheohar,189,Main,https://drive.google.com/open?id=16e5jw1BbalMnIOZ0FFt9o09VpwA5LyWT,https://drive.google.com/open?id=1v9TmyQcQ_5An6XAKivFCAxA23LwUhEH3
26/09/2020 12:56:29,3-Sheohar,189,Auxiliary,https://drive.google.com/open?id=1-C9QYyxocddfGzpldOTwCNx1NP9jUOZs,https://drive.google.com/open?id=1GUxXTG9mSrybPBW5wCFHAsLxvKOEV3j6
26/09/2020 14:08:22,3-Sheohar,190,Main,https://drive.google.com/open?id=1cyd4R12oudzzWhxbFuXwt7yXdu1PJNeR,https://drive.google.com/open?id=1G0crjUoBAwmJBAitwpXFrvyWhiO2OB4T
26/09/2020 14:09:34,3-Sheohar,190,Auxiliary,https://drive.google.com/open?id=1imV08raBlILCi5Z1Qyubstes0_xgP_t7,https://drive.google.com/open?id=1hsHGFuSWuyWPtudOSBUHxvXskpKZlANZ
26/09/2020 14:11:44,3-Sheohar,191,Main,https://drive.google.com/open?id=1MXUo0PNGKygTb94CUC-R6Oi4qOvOGS9B,https://drive.google.com/open?id=1wqcxpzYhl97FvZdoQYChn0uC5KndEmyN
26/09/2020 14:13:11,3-Sheohar,191,Auxiliary,https://drive.google.com/open?id=1mmuVX_6NEZ4aA_5btzGrTzooJvhCZoOW,https://drive.google.com/open?id=1Mh96PYJ6EfqC5iGexx_-aFSWTDYiL0q1
26/09/2020 15:10:04,3-Sheohar,192,Main,https://drive.google.com/open?id=1oX_K4VtbRKmEmlvZl2sYghYw7vwHZfwk,https://drive.google.com/open?id=13IyeXinh4Od0HAjUa6n--Nsay0wz0QQv
26/09/2020 15:12:14,3-Sheohar,193,Main,https://drive.google.com/open?id=1sG6hrqzBnAAfVAKNEyt7uffynODq2j47,https://drive.google.com/open?id=1kva_s9G0JNzPoj1BskxCWvK28T4hkbNt
26/09/2020 15:13:48,3-Sheohar,194,Main,https://drive.google.com/open?id=11BApkWOON6GWWdyyUNJUA7aKZRhlSqUj,https://drive.google.com/open?id=1fVIUYv4CCSq5hF4UJsyS7GtYGopXtJxj
26/09/2020 15:15:36,3-Sheohar,194,Auxiliary,https://drive.google.com/open?id=10fovY2o3KQptW2dZdG0WDdlOF-0twpDc,https://drive.google.com/open?id=1Q0vuWYv7eLU7IprwkAJhkKNYmi5_cq-2
26/09/2020 15:17:07,3-Sheohar,195,Main,https://drive.google.com/open?id=1pjyzRr7szKFlK1wde6xvIHKVz45v10og,https://drive.google.com/open?id=106h3dQx-L2batY0FJcgcPloTGmG4VyN6
26/09/2020 15:18:13,3-Sheohar,196,Main,https://drive.google.com/open?id=1qCSBjAI1J5VhJD5THwLA4y_xSle_zhki,https://drive.google.com/open?id=1hzfTq-MXij8RwKcfiSECTG_QbZ_6MdKP
26/09/2020 15:19:22,3-Sheohar,197,Main,https://drive.google.com/open?id=1eUW7caAE1LR8cdI9WEBH_RfoNUTUnarJ,https://drive.google.com/open?id=1zmhJq-S1LcX3zI4lhQYJvowcbL_WPXpQ
26/09/2020 15:20:29,3-Sheohar,197,Auxiliary,https://drive.google.com/open?id=106pYh2TSTJWipLxUEO2zAIIK-aEbGTUu,https://drive.google.com/open?id=1VioSfcAEWZsU7844QxeOVNHGzZ-1KRxF
26/09/2020 15:22:25,3-Sheohar,198,Main,https://drive.google.com/open?id=163InBOUEedCgvaiG6bYS2ly3FP5kuQd_,https://drive.google.com/open?id=1zP02XAwL34KVw_IA-H-R1__rMkjVPQjE
26/09/2020 15:23:56,3-Sheohar,199,Main,https://drive.google.com/open?id=1eEb1SvR1-lEea1Goe7GY6ZCKILsPqY4H,https://drive.google.com/open?id=1J-Is0bNnYDDyfiXnfXzddhBh5tlpa2RX
26/09/2020 15:25:11,3-Sheohar,200,Main,https://drive.google.com/open?id=17T8H2PFBgZj4l8BboX5gzIMv02Wn3_yW,https://drive.google.com/open?id=1SibRhZOfPOcQb1yYLPrTpLyARiKdPZ8o
26/09/2020 15:27:10,3-Sheohar,201,Main,https://drive.google.com/open?id=1y5RkOV4u8Ut75vTpiVk3yBoLboSD7Pfw,https://drive.google.com/open?id=1JpmpJWibKdVisgDamHFlPCXXyAXTb4Va
26/09/2020 15:28:24,3-Sheohar,202,Main,https://drive.google.com/open?id=1fzWeEuchDsLOPCezBVDjn_ouNm4lnfD3,https://drive.google.com/open?id=1qHgL1mWpKzE_Y3IlpfwGtF_jEgeEAAsh
26/09/2020 15:29:49,3-Sheohar,203,Main,https://drive.google.com/open?id=1XgHL-dLS-g3cxdi7dXGA6s6fWPu5Gw18,https://drive.google.com/open?id=1RCSdsMIZSlU4tPfg1poD70JHvPdnH0RD
26/09/2020 15:31:50,3-Sheohar,203,Auxiliary,https://drive.google.com/open?id=1aayL6aXA88ljI5eHGX8q_5Gq7pjMAl4v,https://drive.google.com/open?id=1JN7DViG5ir1Plw5Cg-s4jzSQjwj1Cdkx
26/09/2020 15:33:10,3-Sheohar,204,Main,https://drive.google.com/open?id=1HkAewndIp-woBs11WbROTXesXQiKJ8Fh,https://drive.google.com/open?id=1XIMGdBdQdyTbM3uDS0jefwA_vNnLPDtL
26/09/2020 15:34:19,3-Sheohar,205,Main,https://drive.google.com/open?id=1x8D2jJXbKH4ofnotHCyGQFDVlhbrc2Ef,https://drive.google.com/open?id=1_EovJYyTo4kuQU_QrC7KHoj_sm2986Cm
26/09/2020 15:35:28,3-Sheohar,206,Main,https://drive.google.com/open?id=1q14o9gn_JPlMHkIfU_SxQpSaEFzACUqD,https://drive.google.com/open?id=1QwHYSIRNjZd5fsm0HkhepKZFwSoEeucm
26/09/2020 15:36:52,3-Sheohar,206,Auxiliary,https://drive.google.com/open?id=14opY8eH7RufTlqm1JwDeBpFa3XqVNwf4,https://drive.google.com/open?id=1NUnnKZLx1O5iR1Pcacfu3Uvb4R9G4KoY
26/09/2020 15:38:47,3-Sheohar,207,Main,https://drive.google.com/open?id=1wXTAbWLXcLG6NMduPEuGB6kukaOZrHIa,https://drive.google.com/open?id=1r-A_5u5qoLV2or0Cg1PQ2bknXlr84dDh
26/09/2020 15:39:47,3-Sheohar,207,Auxiliary,https://drive.google.com/open?id=1lJ11Yl7i7Tq0TAIBBo9op1gr7Jv1kDNM,https://drive.google.com/open?id=1gfKRkb5OEWcWvkNaeR9Hhu0-zSecV-no
26/09/2020 15:40:56,3-Sheohar,208,Main,https://drive.google.com/open?id=15T5nYWL7S5w3bKp5famD1s06LEfPrz00,https://drive.google.com/open?id=17f51Klblwv-8YKRic3qp8wnxm45CWs9-
26/09/2020 15:42:29,3-Sheohar,209,Main,https://drive.google.com/open?id=11JE95BWLI7wn8yWPT8cwa-ZPsfBOxFmy,https://drive.google.com/open?id=1ao9V_JG21lsL_B8BcOmPhRmUIPFzry7H
26/09/2020 15:45:36,3-Sheohar,210,Main,https://drive.google.com/open?id=1tLjM_ok4p86jJDxUV1pJNCcPl5WGO7C9,https://drive.google.com/open?id=1K7qiTGpB1CjlwhDdNIIHvnasEmxaAiOI
26/09/2020 15:46:40,3-Sheohar,211,Main,https://drive.google.com/open?id=1Bl8DkgnGMxaS24xxGdCF3tAWz43lUgfB,https://drive.google.com/open?id=1c-DGMRQ-kqs5QIU47Ja5umZYSKbUlcql
26/09/2020 15:48:04,3-Sheohar,212,Main,https://drive.google.com/open?id=1WJwWaf9WLKy_7HJsUozW76JkhWNDOS-U,https://drive.google.com/open?id=1GaqaKd5ydHOOUBFCUKXjc0_JCrj9-qr8
26/09/2020 15:49:41,3-Sheohar,213,Main,https://drive.google.com/open?id=1-3ZdrLCnHFEKtAkj0EJOtqDSVTAP6P09,https://drive.google.com/open?id=1SAWEPKg2MkOUDw6gu7QLrWM6HFlF-cph
26/09/2020 15:50:41,3-Sheohar,214,Main,https://drive.google.com/open?id=19eLLASQduFjVN_ieu4lCfi-W86FfSI8u,https://drive.google.com/open?id=1hAnWgIO9adxQkXsjpkR8OKoM2eZeB4UF
26/09/2020 15:51:40,3-Sheohar,214,Auxiliary,https://drive.google.com/open?id=14-S8OyBgXo_kjeBVL6t_gAbhaeJBNK2h,https://drive.google.com/open?id=1xr91zOYtIL11-xSgeIoXnT2yQqt000qb
26/09/2020 15:52:48,3-Sheohar,215,Main,https://drive.google.com/open?id=1vMwEcNvXNzHWrbsJe3iXaO1ZcnI-1DA4,https://drive.google.com/open?id=1t_baOv06J1GVsuebDzQx81fUWL5K9qaX
26/09/2020 15:53:46,3-Sheohar,216,Main,https://drive.google.com/open?id=1BxKwnEe0KpUDc3ptCb1zAwxjlc76ODw8,https://drive.google.com/open?id=1bnOfFGKYcDPqcu2ECqGRpuMCYBrTG_E1
26/09/2020 15:55:45,3-Sheohar,217,Main,https://drive.google.com/open?id=1hQOTQxMeo2MqgAQNb4Zi6D70IcqIXnRq,https://drive.google.com/open?id=1PbE1qL88l5NKkrgWT0oL7rOXUb99_oyi
26/09/2020 15:57:04,3-Sheohar,217,Auxiliary,https://drive.google.com/open?id=1wHBzKdEqZ2BERH4x5d-WcbvvAKIvpAxN,https://drive.google.com/open?id=1RODyUGVdraaD4qn8ZRRTGn4fkFwTZplk
26/09/2020 15:58:52,3-Sheohar,218,Main,https://drive.google.com/open?id=10TvlA-goue9x2dIpc4NU9Xh45JoLLK5e,https://drive.google.com/open?id=1hDUPcG0T2zEByn9sTtKopZKlTr3v6icM
26/09/2020 16:00:03,3-Sheohar,218,Auxiliary,https://drive.google.com/open?id=1WmytkoIjskYz4mCVIN8hHCYAgV5Ew61R,https://drive.google.com/open?id=1d0M_Y0q2ORk65vtrwIjVjAk67CLeNrKf
26/09/2020 16:02:03,3-Sheohar,219,Main,https://drive.google.com/open?id=1mvuK7ClBUXMrvPu0yqkJHcBhKBOsiWjL,https://drive.google.com/open?id=1JxaXJe0Arzve0mSW3yLf8KeyOPwq9B48
26/09/2020 16:03:44,3-Sheohar,219,Auxiliary,https://drive.google.com/open?id=1oeHpf06hqBY7I27IUXacHhxu-ewkjCX9,https://drive.google.com/open?id=1YPVQYZ5vS1BYkMCrfvmlA2XDhTytIAGF
26/09/2020 16:05:07,3-Sheohar,220,Main,https://drive.google.com/open?id=1uRWBlP0Ao48X-Edazcp5ECUduv2Ce5QH,https://drive.google.com/open?id=1EcjIhvBNXZq-FqPwfPADgh4PbVuMKfBX
26/09/2020 16:06:27,3-Sheohar,220,Auxiliary,https://drive.google.com/open?id=1-94RkXO7RZPds14TIucdiAONkcPaZfx9,https://drive.google.com/open?id=10Xt0WB8ZtCLbrSW910e1Wm8_-3tpTfWR
26/09/2020 16:08:44,3-Sheohar,221,Main,https://drive.google.com/open?id=18h_FzOzRnGrMSxbQ8Fay_azKzzEbujr1,https://drive.google.com/open?id=1MMB6CZ4DycaArIpGO_ZpAKDi1Mfx-APA
26/09/2020 16:10:08,3-Sheohar,221,Auxiliary,https://drive.google.com/open?id=10B58aVCQyV9sSLJeqsXMmPJmY_IVrIa6,https://drive.google.com/open?id=1c72xGvg9dDMXZOygnymMan70Ni3ZTk5c
26/09/2020 16:11:35,3-Sheohar,222,Main,https://drive.google.com/open?id=18_368KwD60UwOh0JuieWq6KrWVGCuwOx,https://drive.google.com/open?id=1KvzFx-hpqdp8rmOz9ZP2oBSPwqRs-UTn
26/09/2020 16:12:58,3-Sheohar,222,Auxiliary,https://drive.google.com/open?id=1i-LspnATZfU6Ef_fvwroj37wic5WrpN8,https://drive.google.com/open?id=1bs2D5wZjfNQVFy69JD5m-hv8TiX-SPLe
26/09/2020 16:14:48,3-Sheohar,223,Main,https://drive.google.com/open?id=1MGZ5uW1mWoQXmsIJv4rzKgsPziRQnZsn,https://drive.google.com/open?id=1dTGEitpunu34Fmx76RLYxwva0TVEbswF
26/09/2020 16:17:48,3-Sheohar,224,Main,https://drive.google.com/open?id=1P2HprqgFYD_qIOi10_tJoCn5n30bcDEH,https://drive.google.com/open?id=1tUk8oxrZk2LJUQP4oMir6J_9rV5NpbFU
26/09/2020 16:19:17,3-Sheohar,224,Auxiliary,https://drive.google.com/open?id=1cj07Kj9q4riPucVQJyP-ziT6k3c_djvO,https://drive.google.com/open?id=12xSMBAumkQXiDaZk7lWcbA1iQnTGOzT0
26/09/2020 16:21:06,3-Sheohar,225,Main,https://drive.google.com/open?id=1sY0t395BCiHumP4qxht0zHSFJc64xV-U,https://drive.google.com/open?id=1zG9utkcfgAjuA18bqSUCfCQG61qvT4dN
26/09/2020 16:23:44,3-Sheohar,226,Main,https://drive.google.com/open?id=1jcH8ilGa7VyjXQ8-kwBxVdksG6ujnqzH,https://drive.google.com/open?id=1Pgqz5_qeAVmBQ5nq3lWs8kntfB1z-nI6
26/09/2020 16:25:47,3-Sheohar,226,Auxiliary,https://drive.google.com/open?id=1gBVwDdVCXKxN7YW7wF0tckVevSeEWZWd,https://drive.google.com/open?id=1oheYdyhx9cAvlEyzlIoSksewC4cndECu
26/09/2020 16:27:14,3-Sheohar,227,Main,https://drive.google.com/open?id=1ObAK3V9vsURHcSWsgsY0S00MOCnaHNuI,https://drive.google.com/open?id=19NWkOJj-jhVOqbAEqn2zfCawr8P6e3tR
26/09/2020 16:29:03,3-Sheohar,228,Main,https://drive.google.com/open?id=1CD9jokVeysmLGBWMsSnntStwfP7isUmP,https://drive.google.com/open?id=1VJuPzhEvcFU2ZMelo5VxV-hjcVkvAglm
29/09/2020 11:00:51,3-Sheohar,060,Main,https://drive.google.com/open?id=1bRUXxmJgc0ypqusf1C3mhY4x3yEBotrA,https://drive.google.com/open?id=1hX3yojfZc1jVc3N9knL2Uj06nU0sBIiy
29/09/2020 11:02:07,3-Sheohar,061,Main,https://drive.google.com/open?id=1cLjzMLPZFUXLeATcv2giBHmEgd5FPw5u,https://drive.google.com/open?id=1FjgY1eppXsytq_XYCk64fpJjrcboOSYF
29/09/2020 11:03:14,3-Sheohar,062,Main,https://drive.google.com/open?id=1xV7y2o3ruHbTLRLUO65zCEW4Y1sSI1UM,https://drive.google.com/open?id=1VAEox0DBslYwCYNWZghvQJNNz7vKhaZY
29/09/2020 11:04:23,3-Sheohar,063,Main,https://drive.google.com/open?id=1lnQnSBaDF4sYaLQn6iPqTlPytD5JOhX7,https://drive.google.com/open?id=1c9e336TgHgHoaZSur5PniatgYWpLT3ZK
29/09/2020 11:05:18,3-Sheohar,064,Main,https://drive.google.com/open?id=1rcIl6WYt2Lc8iuDZE4L53ZLgtjdIHyWc,https://drive.google.com/open?id=11bgMybcC7IcLm09srWit1A_6Wqo-Wjap
29/09/2020 11:07:37,3-Sheohar,065,Main,https://drive.google.com/open?id=1f-C7wO_KOEB-Ge4pGs1K572M3wjmIjpq,https://drive.google.com/open?id=1lLS1OmQwqIxwI-xr0AI2wi5KYDbphUs1
01/10/2020 11:05:37,3-Sheohar,066,Main,https://drive.google.com/open?id=1s2BOjstbvgfW29XGb8-IgDRHpX2gNvJs,https://drive.google.com/open?id=1vbdk_me6KYnwOb85rr2I7gFjfG1n4qBK
01/10/2020 11:06:59,3-Sheohar,066,Auxiliary,https://drive.google.com/open?id=1A8AfKQ7rpQ60BFnS7Xc8E3q6F5VAhDlT,https://drive.google.com/open?id=1xH1y172OjCHu_QLyfkhvvffS7EOvYfaR
01/10/2020 11:08:25,3-Sheohar,067,Main,https://drive.google.com/open?id=1ga_wPxIckRpOOdJItnrqwh4wwzm1Dtsd,https://drive.google.com/open?id=19c1LtPhG1Z0MqhC_xYA6Jk5TMoGUrC_-
01/10/2020 11:09:34,3-Sheohar,067,Auxiliary,https://drive.google.com/open?id=18QCGLAaV15TDaUvcW_F5aeJN91IedIl_,https://drive.google.com/open?id=1BDZ_QxWcSwlFw5gAhzVHvAEeuK64ZaPj
01/10/2020 11:11:00,3-Sheohar,068,Main,https://drive.google.com/open?id=1Gisg9nCT-qsAsfGQ-zzJvPg4yQpiTo_J,https://drive.google.com/open?id=1b3qsg8_vNlAt3gchHTx3Qc_jeNZ2u0jP
01/10/2020 11:12:14,3-Sheohar,068,Auxiliary,https://drive.google.com/open?id=1fBOapEpHz0sIFekhXaZOksqEaeIMpCFu,https://drive.google.com/open?id=1rTbucYBuHjxHX1-s3Nd5Nk3iF4-FuyQP
01/10/2020 11:14:54,3-Sheohar,069,Main,https://drive.google.com/open?id=1kHFe83sXay5SPiyH0B572qgW5D0nQS01,https://drive.google.com/open?id=1NBDWFldvP_Pn4dlNGwGBMIZZNpKpNNlg
01/10/2020 11:19:23,3-Sheohar,070,Main,https://drive.google.com/open?id=1Mmw7oRAJECPFDzeo1b8opYxf3RZePtNs,https://drive.google.com/open?id=1k3615awpxJWRwF8paM92lz3iGUR7z9Rc
01/10/2020 11:21:11,3-Sheohar,071,Main,https://drive.google.com/open?id=1GbxCpEJCa-1pDDaVxfDAqdYD9-nzHqgu,https://drive.google.com/open?id=1mFCvu8Xmu8ZxdCpFe4QgmXZS3j90Wl4l
01/10/2020 11:22:32,3-Sheohar,072,Main,https://drive.google.com/open?id=1zSrOedz2hAmdj-rZN1XNAUgiGm4NYLA8,https://drive.google.com/open?id=1rr-94YR0JCyIIjK5EoaATxHncwy0V3NI
01/10/2020 11:24:06,3-Sheohar,072,Auxiliary,https://drive.google.com/open?id=1R8lC22jI7pnZ47NOpz5ANgo6S0l4-Y6P,https://drive.google.com/open?id=1Rtqt0DK_OnY5cBTY-whSwq0qeKMBzyqx
01/10/2020 11:26:39,3-Sheohar,073,Main,https://drive.google.com/open?id=1ntyrvJ8ZlwVBPA6dXMmhBBVOZtgB_Oiz,https://drive.google.com/open?id=19dqG3QlAObx9iODqprIDhFIMpv491DNM
01/10/2020 11:27:38,3-Sheohar,073,Auxiliary,https://drive.google.com/open?id=1tBLOW_KAPjCFb2vzQ_j8f-zk2VMKbdUY,https://drive.google.com/open?id=1XoEyDu5kYs-at1DqZXsDOl7jcxRLh4yy
01/10/2020 11:29:45,3-Sheohar,074,Main,https://drive.google.com/open?id=12AmTMwKhzyYAg0X-mPasZVZmYhKZLuPL,https://drive.google.com/open?id=1j78gq5fmuJVzx469ZObGbv5OGAL87IT2
01/10/2020 11:30:57,3-Sheohar,075,Main,https://drive.google.com/open?id=1aFgx38Geb0zW_3OCHiiCI3-fOy2vDORW,https://drive.google.com/open?id=1h508xG8WiY3vleIM17LLnITjp_qGHgR1
01/10/2020 11:32:18,3-Sheohar,076,Main,https://drive.google.com/open?id=1OB5qlqVkN266iviNSKlIgIfeNBASggAf,https://drive.google.com/open?id=1NxIQBaJE6DX9AipteF57NaptVBcexp23
01/10/2020 11:36:53,3-Sheohar,077,Main,https://drive.google.com/open?id=1X4NsMeGoQg0FBjIbm5nKGTjfrzSqHGjp,https://drive.google.com/open?id=1pNbN9vj0Co9inSkz6YW-g-GgVmamO1O_
01/10/2020 11:39:01,3-Sheohar,077,Auxiliary,https://drive.google.com/open?id=1xH97kKsHSHGXxWVmrKWM91D-tKSoFa6p,https://drive.google.com/open?id=1a-njXSHZp2rLeuPEth96XJkQtjBow8H3
01/10/2020 11:46:06,3-Sheohar,080,Main,https://drive.google.com/open?id=1ASp7hTXRlpTZWhgCnQHFVM2061MNt9m0,https://drive.google.com/open?id=1Keyop3_zphqKqAvCwJQ8BiTZE0nv9a3m
01/10/2020 11:48:09,3-Sheohar,080,Auxiliary,https://drive.google.com/open?id=1bUe50cjoFxR0m8-m5JQ7G3sbbGMKWGpK,https://drive.google.com/open?id=1jg47JHGjUvW_kDbxEAL4rLXET4XuIsLC
01/10/2020 11:52:59,3-Sheohar,081,Main,https://drive.google.com/open?id=1YaewXCs1IDQhI12jn4ml546SSOdWGzk2,https://drive.google.com/open?id=1Inc4-MxEASoF2hzxfD1-DXNg6_RbI9-H
01/10/2020 11:54:13,3-Sheohar,081,Auxiliary,https://drive.google.com/open?id=1xMm8FcrkfGrWEJgImc0SdQRDaeLZoxuu,https://drive.google.com/open?id=1DW7tk5mWSKA9s0wJEC9s-Q6XyDm3aJfR
01/10/2020 11:55:46,3-Sheohar,082,Main,https://drive.google.com/open?id=1aeuut7-9SZkPaFpnK9sy3BdpUAbMZVdJ,https://drive.google.com/open?id=1lo3IBkFhnMsJ70V8FHm5g0KolYWiNEZY
01/10/2020 11:57:04,3-Sheohar,082,Auxiliary,https://drive.google.com/open?id=1NT6eO2IsCd9J27mRPeZ7KZvLm8-L7e3g,https://drive.google.com/open?id=1_TJlISTroqrcxtIxZdEv7pE7Ea_I9Ddv
01/10/2020 12:05:55,3-Sheohar,083,Main,https://drive.google.com/open?id=15wlZWhDj3Ac2zUlIYD10A_Io68gDK85M,https://drive.google.com/open?id=1MPJlFryJjwQn_eAgfNouy-RpxLHFaAss
01/10/2020 12:07:32,3-Sheohar,084,Main,https://drive.google.com/open?id=1iOS51WMF1zAS-sphg1c58c76iz0LE4yM,https://drive.google.com/open?id=1ALkcb_c9cH0Ie22HYef6uzfxUJ51-1mg
01/10/2020 12:08:53,3-Sheohar,084,Auxiliary,https://drive.google.com/open?id=18iPBr2nMukTq0RrxcBUcK5OqyskRTcgC,https://drive.google.com/open?id=1gjibxvjCqGx1N_kgi6KEvbdMojNc_vF8
01/10/2020 12:11:47,3-Sheohar,085,Main,https://drive.google.com/open?id=1nzTkVsPt35uMrJ8KPuoDxz_aUlOYxHEZ,https://drive.google.com/open?id=1m_X_00OP2jX_QKhKJZVOmx1hxQcQ_yTe
01/10/2020 12:14:14,3-Sheohar,086,Main,https://drive.google.com/open?id=1D0UZwya28iTfgGaBxpMBvPe9ByRxU5Uz,https://drive.google.com/open?id=1NIIUIoZO-TEplbWHri7ZfYWXGEFZ4ra8
01/10/2020 12:20:59,3-Sheohar,087,Main,https://drive.google.com/open?id=1zqthdmG9AR4rMUV4s0qDZ2_ViDxVH46k,https://drive.google.com/open?id=1XIput4vrF1KBCRvc6OO3xoc9oz1HLJ9-
01/10/2020 12:23:13,3-Sheohar,087,Auxiliary,https://drive.google.com/open?id=1iKRpLDvR_JTtcjuQZPr1MKrAfTrF2e8K,https://drive.google.com/open?id=1RMP9DBkKY_Uu0L7SzSm43z3KZjbznp54
01/10/2020 12:24:27,3-Sheohar,088,Main,https://drive.google.com/open?id=1oj0LgRMuRSy2octOdCUkj7fJt1ATmorw,https://drive.google.com/open?id=1khBFrqC-Z9LihOaCdLxOFwy9o7a7bnP1
01/10/2020 12:25:30,3-Sheohar,089,Main,https://drive.google.com/open?id=17a24PTGTU2JTQtQFS9aQsFzrqOO5hYtc,https://drive.google.com/open?id=1Qgek0IbPd9yv8w0ch5PG-7I2rB3s4HnC
01/10/2020 12:27:08,3-Sheohar,090,Main,https://drive.google.com/open?id=1MRiWd57mz6tE19VcCHwiIq_oegLYAtX6,https://drive.google.com/open?id=1DtBfOGpHSxICpM0TQLi68-2D252KmzFA
01/10/2020 12:28:30,3-Sheohar,091,Main,https://drive.google.com/open?id=1sjXJIiPZNGXQAgVCnwSoiHxLzsnb_u9u,https://drive.google.com/open?id=1Y4WAV06PC-rJAvHpg8lLVVzYNTS_vFll
01/10/2020 12:29:47,3-Sheohar,092,Main,https://drive.google.com/open?id=1DzH0y25MhI9P6xHusMDm2IwGQWmAsFxO,https://drive.google.com/open?id=15JR6wcmW4ZyKslC9EgSFfYj6JZP01R62
01/10/2020 12:33:28,3-Sheohar,093,Main,https://drive.google.com/open?id=1WxqcoPGiiU7izoXAbJWSk5xoSgKcZd5q,https://drive.google.com/open?id=1JWfvEQdB759v_7cEdNsdlgJgafyXym5L
01/10/2020 12:36:26,3-Sheohar,094,Main,https://drive.google.com/open?id=1C0HtWvl6qpauWQaNMlFkM6OUwygzPh7s,https://drive.google.com/open?id=1sHejDKk0Brk7bQ-meHTE63FrvJknTKw7
01/10/2020 12:39:34,3-Sheohar,095,Main,https://drive.google.com/open?id=127n4hLlJFYDWiDmhCfGXG0eQ1mBYetLx,https://drive.google.com/open?id=1gvc2AL7pZMOsoducUp1ZG7K0M-2ROGTR
01/10/2020 12:42:45,3-Sheohar,095,Auxiliary,https://drive.google.com/open?id=126ZI2z8OyHBb4gYBhbZ5W-mhuPYkcZDD,https://drive.google.com/open?id=1SIe4eAEi0wvTtRyycjgSOlZS5fFGJXY-
01/10/2020 12:44:32,3-Sheohar,096,Main,https://drive.google.com/open?id=1C3OQMk2A4tZutY3oPxNgZ1gjB5LeGt63,https://drive.google.com/open?id=1yVneMVXEwcfPp7gaBmvYskd5476fhYsz
01/10/2020 12:45:48,3-Sheohar,097,Main,https://drive.google.com/open?id=1yuUcggB8lrChQFRhQaNfXNGcZp-vqLsF,https://drive.google.com/open?id=1_LWd3Y8_2rPk7LA9WLxDweF_P0LczXIG
01/10/2020 12:47:03,3-Sheohar,098,Main,https://drive.google.com/open?id=115BQo72-Oub60VXCiCM3cJS92iRVl2uY,https://drive.google.com/open?id=1epVa3HOuPn3C9ecYmFCBeK0rDfU4uCYx
01/10/2020 12:50:06,3-Sheohar,099,Main,https://drive.google.com/open?id=13W24FFQo2654T-9vxFyocfygJ5j9E2Sh,https://drive.google.com/open?id=1cceapihCOsJxuCn4_aos95Zf4HZwrfVS
01/10/2020 12:51:32,3-Sheohar,100,Main,https://drive.google.com/open?id=1FsSEJISvYgWsmwZdItWr_n6qapxefXdm,https://drive.google.com/open?id=1AoU_2zSyYuFo5nSR6ZCxYI1dkjdPPFUt
01/10/2020 12:53:01,3-Sheohar,102,Main,https://drive.google.com/open?id=1gNWqyz4lwNZeoa-VoNqN25-MXWOvmsao,https://drive.google.com/open?id=1hOB1habmkfySJ03KnMEwMhTMSK3BVg7G
01/10/2020 12:54:56,3-Sheohar,101,Auxiliary,https://drive.google.com/open?id=1ah9wwdJjt2HkBAET6KA9I3H0kwd7ova6,https://drive.google.com/open?id=17l25GIwN1OfRAvhaNJ7tU3pHAcyl1sSl
01/10/2020 12:57:23,3-Sheohar,101,Main,https://drive.google.com/open?id=1I8dFO47SgljBi-GSSmm09EDxOKPQI2wC,https://drive.google.com/open?id=1dg6iLjdrLC33MbTMBCEyphJDIl8WxIqe
01/10/2020 13:37:25,3-Sheohar,103,Main,https://drive.google.com/open?id=1QYb1JGVJ_F2auYkF51NMorzrrsSqCssg,https://drive.google.com/open?id=1I5qduuC1UsllwI_bFzDV4XP2nfL8ddoy
01/10/2020 13:39:17,3-Sheohar,104,Main,https://drive.google.com/open?id=18ltWS9Ijr1g_Y1yqtBO4ipP6NnzLu_P-,https://drive.google.com/open?id=1SgN-bpTjogq9Qu1NLAfQ1KRriWU1wvHb
01/10/2020 13:42:02,3-Sheohar,105,Main,https://drive.google.com/open?id=1mCKOfRX5-mjo3v2WVj2wFNIVelPIoY1W,https://drive.google.com/open?id=1LJrdX7n1hg1Gmafz8dBWDV1FB2oauw4D
01/10/2020 15:55:07,3-Sheohar,106,Main,https://drive.google.com/open?id=10YAZPckTKlsADjP9I4jH3DMkKRSmdIfr,https://drive.google.com/open?id=1A5BxAIk2v_6Iy22-4YcKVbrCVyRQ7I2G
01/10/2020 16:03:46,3-Sheohar,107,Main,https://drive.google.com/open?id=15XyCwmstjMmBUeczPVV72NqH2jOnA_Tg,https://drive.google.com/open?id=1qJlXLVG_LNQqZeygyJKfZqwymgMnOtTP
01/10/2020 16:13:09,3-Sheohar,109,Main,https://drive.google.com/open?id=16wT1P3DtWqp3_D95s0diX1lhoAkCZJ6s,https://drive.google.com/open?id=1DOv-NocDxHB0ywyE0ORDKhMSscVzS3fo
01/10/2020 16:14:48,3-Sheohar,109,Auxiliary,https://drive.google.com/open?id=1zyBQS7io4tBUhFDRLStH5UwMiSiYro4z,https://drive.google.com/open?id=1T40MnnlUSceDQBfyscfrwe33wFQNoVlX
01/10/2020 16:16:55,3-Sheohar,110,Main,https://drive.google.com/open?id=1LlY9B1cj8BoY5zRi2eT-4h3Hlo0UqfS7,https://drive.google.com/open?id=149cZ31QxGTN3QswAvsUP1WS7nHMn6x1k
01/10/2020 16:19:42,3-Sheohar,111,Main,https://drive.google.com/open?id=1ZrD4nUNFv6sDLj1Ozy9mtL6C2p2w4cWK,https://drive.google.com/open?id=1Tqjw32Gttnblajx4-SmX1mUL55yLeIte
01/10/2020 16:24:18,3-Sheohar,112,Main,https://drive.google.com/open?id=1Xv2gPUrEmIqsBMhotlXYnVHArgqZ1PIx,https://drive.google.com/open?id=1fEW25m6nB-kr3UmxC_Eh1wNv2jLP5-xW
01/10/2020 16:26:22,3-Sheohar,113,Main,https://drive.google.com/open?id=1BLkATEVGBuigvD3lyGNrLoxSzB_lykzl,https://drive.google.com/open?id=1_9UIGms8O7gnE8v1Jzei8aESDY6Qkhy5
01/10/2020 16:28:18,3-Sheohar,114,Main,https://drive.google.com/open?id=199PlDygvraL74Bvo4KFGFP0DunBZNulY,https://drive.google.com/open?id=1bPmpTY3GyD2SFa0ix5ZdWVpoOQCNTzbQ
01/10/2020 16:29:50,3-Sheohar,114,Auxiliary,https://drive.google.com/open?id=1AP7KNrwHey52zuSqLwUAd67oS-AVUuoN,https://drive.google.com/open?id=1zTEytKdzBNplSPFzOWAzKsCMidJQstRs
01/10/2020 16:31:22,3-Sheohar,115,Main,https://drive.google.com/open?id=1Y4UvRY0G3fWqfAG3EF3BxQC1YWl6Fik1,https://drive.google.com/open?id=1hbKk0Wj7HvGOjeDdgSs1Mjvq2XBB2UJa
01/10/2020 16:52:09,3-Sheohar,116,Main,https://drive.google.com/open?id=1Ryfm00Y8cXDCBFy4Ke1cqRr7oVSLGn-y,https://drive.google.com/open?id=1bT_9v8XzKABhF40RxCRBrC1kOssu1qww
01/10/2020 17:11:41,3-Sheohar,117,Main,https://drive.google.com/open?id=18-M5gtdxJJMGkPLLNfWv9brVPKXWk3bX,https://drive.google.com/open?id=12YE9Lm3evmFHn_ry7vj_oP9cViK37l-c
01/10/2020 17:13:45,3-Sheohar,118,Main,https://drive.google.com/open?id=1dkCOs0tT5Lp3FgH0Q2pH3RQjCe-PlPqB,https://drive.google.com/open?id=1Zg3bSiBChknVCgXskaBdBaH9wfw-KVEc
01/10/2020 17:15:02,3-Sheohar,119,Main,https://drive.google.com/open?id=1rqrMnNzbe0uH_YVs2A6WHVy9dGQsB_qc,https://drive.google.com/open?id=1zUJeZ3gjf1icGSA4sCn_23O0i55LUbiP
01/10/2020 17:18:29,3-Sheohar,120,Main,https://drive.google.com/open?id=1tGKvIwCsMLYlLGZlz2HtT9QXjDcAs-M6,https://drive.google.com/open?id=1gNRCKc513Ibtst8Ok2Kb6RxdERcxQ1L2
01/10/2020 17:21:03,3-Sheohar,121,Main,https://drive.google.com/open?id=1fAHqiWyPG7bdp7eDL-KQRa9gZTGJjsYA,https://drive.google.com/open?id=1JFU88d7U6cpXX2q1jXZeU7h-d48fe6PE
01/10/2020 17:24:46,3-Sheohar,122,Main,https://drive.google.com/open?id=1gLJfIZgNx4FfsE3tBtiPIFWl8-s4k7ZN,https://drive.google.com/open?id=1W_NuR5oWMf9qvVaSi_CC2R139-dypNEU
01/10/2020 17:26:19,3-Sheohar,122,Auxiliary,https://drive.google.com/open?id=1cXr65AyvR48R7z7XSlDXe42LBGYrGue6,https://drive.google.com/open?id=1emH8Y96191TfvNbOTqVhwSA7NA5owB7S
01/10/2020 17:28:36,3-Sheohar,123,Main,https://drive.google.com/open?id=1UzTlZe7YS24DF2CpV-80L7Oz4XJ9oEk5,https://drive.google.com/open?id=1UR7QCj863EkV_wcw3NUyzyLql_nNzs0k
01/10/2020 17:30:00,3-Sheohar,123,Auxiliary,https://drive.google.com/open?id=1SzeqirvP_jlFTBEBWZWVgHytBaqIPZYh,https://drive.google.com/open?id=1HlMaP5rnEoy4rwOpCKQ0Q-lWCXGxnok6
01/10/2020 17:31:26,3-Sheohar,124,Main,https://drive.google.com/open?id=1MF9liN5Fob0WwkcS5uFm9Mi-IHbXdNBB,https://drive.google.com/open?id=1CPS-vsEtlrQqaEzmmATKqPRMdoR8cQ6k
01/10/2020 17:32:28,3-Sheohar,125,Main,https://drive.google.com/open?id=1OC5oGODozOsE8XbYVx_XtCLBXhWEr3Vg,https://drive.google.com/open?id=1dJm77jgWF6IQN6X2c6dLID-CXyYNdlql
01/10/2020 17:33:54,3-Sheohar,126,Main,https://drive.google.com/open?id=1n7cXSma7gp_Z0x2LWNze8BG14oMdi3OF,https://drive.google.com/open?id=1x0qKfNmYnRrJJ-Yaba5CfA-6kB10ENhy
01/10/2020 17:41:26,3-Sheohar,127,Main,https://drive.google.com/open?id=1lA37pysdTjQ9m4LY0s7TCdEGOaPCv1oe,https://drive.google.com/open?id=1BTU-mZoYIfBjZYD7SxS9ePUveVmnQq1R
01/10/2020 17:42:49,3-Sheohar,128,Main,https://drive.google.com/open?id=1QWTR02IYG14xjvqpce6ieG89FkXhqmTC,https://drive.google.com/open?id=1_wItlvPHiCfbJyl-5Z7nfwR7T76Oo2UA
01/10/2020 17:43:47,3-Sheohar,129,Main,https://drive.google.com/open?id=1yQNiRORdZqE6tKM5m1EvrGtB9__sWx-H,https://drive.google.com/open?id=1Xx6e_JO8k8XNNj6lRRQv-uRY22tKAUyf
01/10/2020 17:44:48,3-Sheohar,130,Main,https://drive.google.com/open?id=1IxpfqR491WVTf551UMkvw-FxakogicQl,https://drive.google.com/open?id=1AtTDg3v8Nt8rpU51QA8lj4573qr86Fso
01/10/2020 17:46:09,3-Sheohar,131,Main,https://drive.google.com/open?id=1SywH3iTItr9PHFBmkfrATi1-SZmzFbRp,https://drive.google.com/open?id=1UiBemHu1n0VH24f0i1mtVIzZbiR9O89f
01/10/2020 17:48:00,3-Sheohar,131,Auxiliary,https://drive.google.com/open?id=18jU6gtv6JUuMMJhbURTS3iQGNJ8VMiL9,https://drive.google.com/open?id=15ljEjPmWma46oqynToUsDL_XqFNflfM0
01/10/2020 17:49:30,3-Sheohar,132,Main,https://drive.google.com/open?id=1Dcr2ZDOW-JH5a7sKL5pkFPyYomrbPdUS,https://drive.google.com/open?id=1SkDfYIrLY3M1k7_Jc4yN-xsBDWTX2crt
02/10/2020 11:28:30,3-Sheohar,229,Main,https://drive.google.com/open?id=1yqBKbXfQPr3WIkmHd3vi3NzzthmCQGPe,https://drive.google.com/open?id=1GLF5lIU0UnUDHv2Y_xGv9b_H1RCpsLEG
02/10/2020 11:29:39,3-Sheohar,230,Main,https://drive.google.com/open?id=1V7aJTm4G6oFqlIlXk03DbRomOHkpx6iS,https://drive.google.com/open?id=1by1yY-JY5EpM6Xv9k7tRtD7O7S4cKSNj
02/10/2020 11:30:52,3-Sheohar,231,Main,https://drive.google.com/open?id=1KfGmOalyVogIlGAEbjaDL2YVIuo-lSv7,https://drive.google.com/open?id=1nIs2Se1G9V4RrpvDapWAZJhKlnWKfA4_
02/10/2020 11:32:29,3-Sheohar,232,Main,https://drive.google.com/open?id=1jupKjFp9xHG9LyzI0t7s59J_iQ9wHVkB,https://drive.google.com/open?id=1CgXk9CQfncWJV796SsLamQaf6htcJUGW
02/10/2020 11:33:29,3-Sheohar,233,Main,https://drive.google.com/open?id=1H8JayZ6u9OtAlztYLv8kc3g1ueF-Mmmz,https://drive.google.com/open?id=1WAAj6XrG1KtApfu9mRt2lSQRtS4sP3ru
02/10/2020 11:34:26,3-Sheohar,234,Main,https://drive.google.com/open?id=1sejJatrsVkUJW-GWgiMQ_1Oe-eLAP8-Q,https://drive.google.com/open?id=1YPC59GIeSysJLKhatXq4pBi0eyQwqPWK
02/10/2020 11:35:45,3-Sheohar,235,Main,https://drive.google.com/open?id=12xZxv2bVaJYPq3AlAlpCDeat_LYWVp6a,https://drive.google.com/open?id=1XCdwp489Mf3H8XSfmPUWISMFoQg7rMx8
02/10/2020 11:36:46,3-Sheohar,236,Main,https://drive.google.com/open?id=1-MohUAQczX0zCt2W8gMcILCaGoYpSpZ0,https://drive.google.com/open?id=1TtLgJpn6BJ5Z2UNNh4dSA1Psio9riCGu
02/10/2020 11:38:23,3-Sheohar,237,Main,https://drive.google.com/open?id=1YgKOs6s2715SSDK4gjIPifwhL0svSuLK,https://drive.google.com/open?id=1fWUlPeZ9M9iiVVjL_ZQnsVJ1VoAY7xre
02/10/2020 11:39:26,3-Sheohar,238,Main,https://drive.google.com/open?id=1SXLmgzx0aC2rUOpr1Wd2_Wi2g7y7Qgdg,https://drive.google.com/open?id=10Qk0bHJN6UBNscecrvQPZX29buM6HVBq
02/10/2020 11:40:38,3-Sheohar,139,Main,https://drive.google.com/open?id=1PyqA0ptw2htzH32meoVtm4jqsR2k8fnM,https://drive.google.com/open?id=1oEotW421gXZLfzsJSnIRwFCS43qKQU4X
02/10/2020 11:42:14,3-Sheohar,240,Main,https://drive.google.com/open?id=1zWsi1f0SDnI2vVJO0APlnXtnx_Yhn4m2,https://drive.google.com/open?id=1VOcSJTptM2pr-3J3RywyQY1wOninBV5C
02/10/2020 11:44:13,3-Sheohar,241,Main,https://drive.google.com/open?id=1iyow_OigUQimxM6u9hNQ6gA1bg7S3NVc,https://drive.google.com/open?id=1qA1EW7JaJXChEdAFUm0T4V7cMFl2cSm0
02/10/2020 11:45:20,3-Sheohar,242,Main,https://drive.google.com/open?id=1MvIotCZf3P2UcFN5pLttuecb1nuqo-Qr,https://drive.google.com/open?id=1AIuIg8yEETH5sYl3u078jZ6VR61ZgYzD
02/10/2020 11:46:31,3-Sheohar,243,Main,https://drive.google.com/open?id=10xceBfLSyc0mesJMrjfySLLv_UsXFk1P,https://drive.google.com/open?id=1WbEhEdaKSoFsW4bAz_1GX58Jt0u7FSvS
02/10/2020 12:08:56,3-Sheohar,244,Main,https://drive.google.com/open?id=14CXOFWcJjYOavjuVd0aKvGYxoyanMuMF,https://drive.google.com/open?id=1x68hbQ2uXP6dNnMhfnrjsm8e6pR2aD1W
02/10/2020 12:10:25,3-Sheohar,245,Main,https://drive.google.com/open?id=1cQ67c8Dr7jiKppgAZ4HtQRLQgBv5Fk-L,https://drive.google.com/open?id=1ZlYwZvFDKHTUk7FRpUj339Nax4JIzxuf
02/10/2020 12:13:28,3-Sheohar,346,Main,https://drive.google.com/open?id=12qutv3HbRujfc5RIW0UqX2J--TUFC1DN,https://drive.google.com/open?id=1JO-6dw4sgR4ZJbo9nYYTno4yc7fxGGmT
02/10/2020 12:15:08,3-Sheohar,247,Main,https://drive.google.com/open?id=13JDv63LaEQwMiOtQALQ6HSP40M3vU7XM,https://drive.google.com/open?id=14kKTt9IYAYtW-_AFGaZZylu6uUBqR9lM
02/10/2020 12:16:17,3-Sheohar,248,Main,https://drive.google.com/open?id=1sAHJrH5RbvNHsusTFoQ7psxh0OGyiOJx,https://drive.google.com/open?id=1sdd__PCHBqk_gNmVHRD627XAEF7SOl_g
02/10/2020 12:17:31,3-Sheohar,249,Main,https://drive.google.com/open?id=1vfhomc4h_wE21uxX6G7YIUO11Od45hSL,https://drive.google.com/open?id=16wQbzKoYL-RIXY58dyR86DhWqqr5eTko
02/10/2020 12:19:18,3-Sheohar,250,Main,https://drive.google.com/open?id=1wy_hU7CX_LVoJ8SNSr02idYjGjfVuwv1,https://drive.google.com/open?id=1PfEZd5em0_HlMokbwygWHieU98fCywUj
02/10/2020 12:22:04,3-Sheohar,251,Main,https://drive.google.com/open?id=11m0JF6hatNGjes2L9ul3zuppTwKcEkEx,https://drive.google.com/open?id=1QwaAa4Jywolx15gvrJBJlf-koXBIj05p
02/10/2020 12:23:13,3-Sheohar,251,Main,https://drive.google.com/open?id=1E6DD9trtsgx3Zdh8ybR1PbWDjMZhFoQN,https://drive.google.com/open?id=1pDhJ4jaZ85oO2NtKxPj-KdXyHckYNeR2
02/10/2020 12:25:11,3-Sheohar,252,Main,https://drive.google.com/open?id=19Ayv-08MeN1ililrjXCKgcHmKZSBQ9Qy,https://drive.google.com/open?id=1Gr5oqDZro-8fB0ZyHx1BwYIxqhoXlHOf
02/10/2020 12:26:22,3-Sheohar,253,Main,https://drive.google.com/open?id=1aewQ3ew1nZJTT3vobfb-21ToJvEApvzl,https://drive.google.com/open?id=18ylN3ksrYqQNQ7Z_k89FSEBHPaRUU5kR
02/10/2020 12:27:18,3-Sheohar,254,Main,https://drive.google.com/open?id=137kVnpT9BU53uKhlagUDv8BFCzoLdbsB,https://drive.google.com/open?id=14sZ_BFp68kJjePrTGuwOQo9eOByQ-RAk
02/10/2020 12:28:26,3-Sheohar,255,Main,https://drive.google.com/open?id=1URwoOANm8D5yFi2QXqhM8IB9krROGjlC,https://drive.google.com/open?id=1eB0tpJ1ZdUAcwVJKAxLapes6zH_vIuHy
02/10/2020 12:30:13,3-Sheohar,256,Main,https://drive.google.com/open?id=1WZrD25KBz5R4Jh0_AY0WYNBhjsiPCjn-,https://drive.google.com/open?id=1XGmzR5gQiXXugtyL24fsiMR7seJI6xqi
02/10/2020 12:31:34,3-Sheohar,257,Main,https://drive.google.com/open?id=1YlIAuIHHC8wECr_ZtWS0qcN8GOu-ATP3,https://drive.google.com/open?id=1ukWCcUdACeCTKA1974TTrOOf78WI8uF_
02/10/2020 12:32:52,3-Sheohar,258,Main,https://drive.google.com/open?id=1-8Qu1agpRzHwOx-H7uccruOJ0zwJUn8V,https://drive.google.com/open?id=1GcmFTlbUPeNiZNIYe5-SaRPcssAauymC
02/10/2020 12:34:22,3-Sheohar,259,Main,https://drive.google.com/open?id=1S-EEe__P4juQqz7rZ3_Sj2b7hWoQpg7W,https://drive.google.com/open?id=1sJulT3mOC64fD395YxMJS3OUk_CalPgY
02/10/2020 12:35:48,3-Sheohar,260,Main,https://drive.google.com/open?id=1RZNW7lNHR4eipN7k9nH9xmc-I8PPzR4Q,https://drive.google.com/open?id=1aZsA5RANiGCuAUKdMh7_AivgTJEGCpDg
02/10/2020 12:37:24,3-Sheohar,261,Main,https://drive.google.com/open?id=1OOTgpIEz9iHhVFhlsG7YgESB21sqgG3_,https://drive.google.com/open?id=1KO9D2327pnU7CZpz62TtMDtzP3dmEJd7
02/10/2020 12:55:12,3-Sheohar,262,Main,https://drive.google.com/open?id=1XITNH5O1qoRQ23WmdWCNUUqReNw9Ew1O,https://drive.google.com/open?id=1g7hxGHHnVgiZ79SLOw9-AWn9kri2sjkp
02/10/2020 12:56:29,3-Sheohar,263,Main,https://drive.google.com/open?id=1UPjI-bUdrN3x1M63zeAO7qiJB84ZtW71,https://drive.google.com/open?id=1FeZxOaMZJ_05SkZUZO8t8sQgghKjrFYk
02/10/2020 12:57:35,3-Sheohar,364,Main,https://drive.google.com/open?id=1ruWulHo_nojPOi0Q8CLWT4j0xpuOEITp,https://drive.google.com/open?id=1Jbz0hyX0YAihWxZSzpc4kzm4X5zgQwhO
02/10/2020 12:58:46,3-Sheohar,265,Main,https://drive.google.com/open?id=1myxL-ebIV1iuyw-PDNk3Z7rarxo8TxMS,https://drive.google.com/open?id=1ycH5u63w9e-JhTyQpKC2vDbGOeHT_ipM
02/10/2020 12:59:36,3-Sheohar,266,Main,https://drive.google.com/open?id=1TUG8k36PvoshhUnvEtN2mwIY3BwN1t_s,https://drive.google.com/open?id=1cHadNbOy0o9AAvYInj7xCvrPvIRypH27
02/10/2020 13:00:56,3-Sheohar,267,Main,https://drive.google.com/open?id=18omnzy_sfbXzz0yEp_-sWyutvHHr8Q_T,https://drive.google.com/open?id=18PJP6de6V7t6Hb3t0gXKtXG49AxOms21
02/10/2020 13:01:56,3-Sheohar,268,Main,https://drive.google.com/open?id=1FHICasTIIET95btAFUc-r5Zh3AtXaShh,https://drive.google.com/open?id=1avd5UT1RpxIy-gqs6ojN1lyLrLgjsU38
02/10/2020 13:02:49,3-Sheohar,269,Main,https://drive.google.com/open?id=1pbKMspcJbGGjJW3KUmp_CQ41cNtsXbO7,https://drive.google.com/open?id=13DqVZ5tmPNamoU_GwMUXO2TpXHgXyDVz
02/10/2020 13:04:04,3-Sheohar,270,Main,https://drive.google.com/open?id=1uix7v9Ki5Jz9SMNnU7JxdNAxSPYgSsVc,https://drive.google.com/open?id=1vaZomvjbkmCF9LyyFyDhTeRHD6RA2EP2
02/10/2020 13:09:00,3-Sheohar,271,Main,https://drive.google.com/open?id=1eGC8r_PD8mbF3eqWN_bCu9s0TWfZnAK1,https://drive.google.com/open?id=1MYLvociTiaS8rueAB3YGYT1CqxlNllcz
02/10/2020 13:11:01,3-Sheohar,272,Main,https://drive.google.com/open?id=1eYkmqqQlOBK6IKVsBWhst95oHUSiWwDQ,https://drive.google.com/open?id=10lh-T20iQHxJZOrWudT0hzoWhVtyH1Rz
02/10/2020 13:13:36,3-Sheohar,273,Main,https://drive.google.com/open?id=1UjI-0sd_sND1XXYKwGRMeamDqHOnJzhf,https://drive.google.com/open?id=1CBcN0a2XUINy2VogQYAdSiwWlIZ1VDPO
02/10/2020 13:15:36,3-Sheohar,274,Main,https://drive.google.com/open?id=1BFUkWZP-MPIKy8NCa74kewsGUL_Pa4gu,https://drive.google.com/open?id=1Cjsj44J14OuHwKLoFcBRRj80rSHnd28j
02/10/2020 13:23:02,3-Sheohar,275,Main,https://drive.google.com/open?id=1mTNXMxyX8TF2NqTUy1UHFhC64L2fTtPe,https://drive.google.com/open?id=1T7VJaZvRaxt3J4wodgyRN0d_X3emKit5
02/10/2020 13:25:56,3-Sheohar,276,Main,https://drive.google.com/open?id=1Pt2OAYhNJ6dBoEkuMRqrlqsbVEQ1QewO,https://drive.google.com/open?id=175WyLh4aEf8J9U9moDBvF7yRjwFwYJh9
02/10/2020 13:27:32,3-Sheohar,277,Main,https://drive.google.com/open?id=1Xke6rmnv05kuDIX6ZD9ZqpgiUgRag44T,https://drive.google.com/open?id=1RwrQICawsr6UEzXVdyqsXCD99dR5DSN4
02/10/2020 13:29:25,3-Sheohar,278,Main,https://drive.google.com/open?id=1DiEZRuZief7sJtjA2gDnPIrNPIqMUCYL,https://drive.google.com/open?id=1edn4QGTrV75hDSgJj0lGyJydNrGxez7p
02/10/2020 13:31:00,3-Sheohar,278,Main,https://drive.google.com/open?id=1DwvyUjHKYR8YQTqSjCXLTiOqcj190wos,https://drive.google.com/open?id=1LDppqolh7zDQoP0eDgJGaR5yG7f0eaK4
02/10/2020 13:32:26,3-Sheohar,279,Main,https://drive.google.com/open?id=1HSvQCh-eivuf1MMWu3tLwKxL8ju433i-,https://drive.google.com/open?id=15X2-mYEpV7SHGO1k7FL6xfD02mYV1emd
02/10/2020 13:33:59,3-Sheohar,280,Main,https://drive.google.com/open?id=1QR8CG2BRbIKPsrI9RmH11gnNEmk5pmyd,https://drive.google.com/open?id=1zpR_6JZqol26PjWvMaWAtvW9SW33TA_J
02/10/2020 13:35:16,3-Sheohar,281,Main,https://drive.google.com/open?id=1d9vSAuWSeYeVA4bxCCim3x1P44r3JRE-,https://drive.google.com/open?id=1A5bQxwIUY8z-Fo-eJ4DoBs5DsYgdkK9w
02/10/2020 13:36:48,3-Sheohar,282,Main,https://drive.google.com/open?id=1u6tDhyL6xpcUlTQz6Y5MGOZgUun2Yp1z,https://drive.google.com/open?id=1IMgd4XYOAx80d7BisYMT4xnuenHB2QF0
02/10/2020 13:38:07,3-Sheohar,283,Main,https://drive.google.com/open?id=1-L6P-AI_bawKnQlR9GtD_mPUVoyuLHYf,https://drive.google.com/open?id=1yvU1E4QOttak6xPgpBwS8ExDA5QJCRUy
02/10/2020 13:39:18,3-Sheohar,284,Main,https://drive.google.com/open?id=14IV7SGeL6KGeAR-Piu5uf3LOVfxL462X,https://drive.google.com/open?id=1mT74zvGZfwXpJKmU6PXOTjvyfJRBX8FE
02/10/2020 13:41:10,3-Sheohar,285,Main,https://drive.google.com/open?id=1ncj6p88iAjCZfVtVuobapOle4LczoqMn,https://drive.google.com/open?id=11iQN71gHnPWVWHxoeRQVyWAg-1_RFvrV
02/10/2020 13:42:28,3-Sheohar,286,Main,https://drive.google.com/open?id=1kg1JJ1ywIaYTWIJ8bPpX6kt4n-pgZAs6,https://drive.google.com/open?id=1JtIxz4KtwpkydsNaMAkKYqg45o9OTScW
02/10/2020 13:45:18,3-Sheohar,287,Main,https://drive.google.com/open?id=1hFyhrxrN6HxZeaV-Z8fBtURtBYwk2IPU,https://drive.google.com/open?id=1OrGK1EYvFXodG1qBHWmUTqPfRU5DoU50
02/10/2020 13:48:19,3-Sheohar,288,Main,https://drive.google.com/open?id=1-hGIFWVYXwoKp-m9IsmwgZ4dCeymYWzD,https://drive.google.com/open?id=1r6aZYiQFv-2zEScI1kLsqdRaqMUADrlr
04/10/2020 12:13:29,3-Sheohar,032,Auxiliary,https://drive.google.com/open?id=1Ryxunfz9hR5l_3Nt4FULASR1pgqHTE-c,https://drive.google.com/open?id=1VpYBAVgsgun2pmHltDTZUuxpIIJ8nxx8
04/10/2020 12:17:58,3-Sheohar,036,Auxiliary,https://drive.google.com/open?id=1x8kIAXkf3kRKHcmtLAxFsVu6-FVkQ9I3,https://drive.google.com/open?id=1sDTri97Ad9P7WzxsPq0ykMRzzpYJYv28
04/10/2020 12:26:44,3-Sheohar,060,Auxiliary,https://drive.google.com/open?id=1aaaLlDmrIGGB0WvFjL9rdOtKNdiYjzjL,https://drive.google.com/open?id=1P0z9HxrHpBqPpOK0Og_WXwUlQ1GRWA-G
04/10/2020 12:33:02,3-Sheohar,070,Auxiliary,https://drive.google.com/open?id=1tp4pWA0HmROH-CEjJjcs7UrX7JQ6z8B3,https://drive.google.com/open?id=1wPG28pC_CAttdLPqG-my4hnym3BPbMYM
04/10/2020 12:41:59,3-Sheohar,092,Auxiliary,https://drive.google.com/open?id=1Bm2Z7c1V4IKFXggOpJDml4UBtDsppMG5,https://drive.google.com/open?id=1VowhJo_S-_K6-KIK1rmCuGIKxozwY-mM
04/10/2020 12:45:52,3-Sheohar,096,Auxiliary,https://drive.google.com/open?id=1IhXl8zghnt8N-OQEgaWdEIrNo9o-Db30,https://drive.google.com/open?id=1HL_7KMXGWVUzGHIEeG4_KSN61qPZ1qNs
04/10/2020 12:57:16,3-Sheohar,099,Auxiliary,https://drive.google.com/open?id=1ww7BYdb9Px-iH3AQcF-z8QYAJXgME0Kj,https://drive.google.com/open?id=1xENcEjpjIc95v5gKULI7_Zb_yZ-w0Kou
04/10/2020 12:58:35,3-Sheohar,102,Auxiliary,https://drive.google.com/open?id=1L4CqX9iuRrYyJqykQ-bs9pKmmbrbTjx1,https://drive.google.com/open?id=16lRE50pqOCqDdR7flweJ1ElezN-8sAMA
04/10/2020 13:00:28,3-Sheohar,105,Auxiliary,https://drive.google.com/open?id=1VZoS0TImL0JJjCLgi4PwHBCgS-XxN3-U,https://drive.google.com/open?id=1LHBWPr-8Ie32zSZwcq3NC9gq4nRc3EIn
04/10/2020 13:02:16,3-Sheohar,106,Auxiliary,https://drive.google.com/open?id=1G5IYa3OSIr2t7YZju2OO1G2Lb0Pz4Dls,https://drive.google.com/open?id=1E45vdMPhHfZ9AH_58T13AU9_TOHnqQZb
04/10/2020 13:15:11,3-Sheohar,112,Auxiliary,https://drive.google.com/open?id=16eXe4alX4q7bf0vPLkISR5dvs2Nrujw8,https://drive.google.com/open?id=1ASwPJwVtUBxEx6wRHAubz70WtWwfPOfn
04/10/2020 13:17:07,3-Sheohar,113,Auxiliary,https://drive.google.com/open?id=1RdCvjujJWmKZJ4FvYShhvL65WYuld2Hx,https://drive.google.com/open?id=1lJn_fXiu63XS9CZg-8NAVgzyjx3_C2AU
04/10/2020 13:29:55,3-Sheohar,116,Auxiliary,https://drive.google.com/open?id=17OQm9ZLsafotGsWAzTTdDmtgp7ZLnywX,https://drive.google.com/open?id=1TbF9w4Vbgk4c5PlYwLDUMsdsduZiFlpL
04/10/2020 13:31:41,3-Sheohar,117,Auxiliary,https://drive.google.com/open?id=1V4IEFi_jY1F2Sbu0vOW773FqzNRJuO0H,https://drive.google.com/open?id=13XZDh9jRtisUIXZ1Y8SVrzAzcT4jHsZI
04/10/2020 13:33:41,3-Sheohar,108,Auxiliary,https://drive.google.com/open?id=1Ja_rX-_h_cbQMRCEMzo9qjDj_1to9Qnf,https://drive.google.com/open?id=13vwpm1iTKvVA1yNKs1_f1A5mdQ6tg9rx
04/10/2020 13:39:54,3-Sheohar,119,Auxiliary,https://drive.google.com/open?id=1epqF3A_xfD0gbgKEpKnHsBFNRG661kmm,https://drive.google.com/open?id=1oi8ivRaTCDZhIVKlrKF59DUXaV7mrg43
04/10/2020 13:49:00,3-Sheohar,126,Auxiliary,https://drive.google.com/open?id=1lWb3vDisv-mH-3Cy92NphVdE1OizglHl,https://drive.google.com/open?id=1_nAI32IX_loSxSqqz1Abmdx59sDvCSik
04/10/2020 13:51:54,3-Sheohar,127,Auxiliary,https://drive.google.com/open?id=1AZnOluvwKDxL7t72RvSD-wHnaYEYsFkZ,https://drive.google.com/open?id=1hdyKO1vNvVVQMwhVQqj6QeivEcce6SsN
04/10/2020 13:54:02,3-Sheohar,128,Auxiliary,https://drive.google.com/open?id=1anyt42XQm4V_PMYnvavUsPZGMf1lgEbJ,https://drive.google.com/open?id=1gZw6-x9Fufucci4aBZs5u1oZj5zDVSfP
04/10/2020 13:55:41,3-Sheohar,129,Auxiliary,https://drive.google.com/open?id=14-9pCQbLpQMtErGwKvqOyRd_9osjNM6X,https://drive.google.com/open?id=1ORI24v6PSEhsumdr8qVNCSe28MV8mJ8V
04/10/2020 13:57:25,3-Sheohar,130,Auxiliary,https://drive.google.com/open?id=1YWrzwk65UiQjgb8-WUK2ooEHGzJxgZxQ,https://drive.google.com/open?id=1N2ETXmv5FrRX3OpM7EQU1RWP605aXwZW
04/10/2020 14:01:18,3-Sheohar,132,Auxiliary,https://drive.google.com/open?id=1f2Vg0QmxHib_P_ob7kizontmhiR9eVDX,https://drive.google.com/open?id=1KDBcMOWpopWzD5R42NO3s6CFxrtJBrrJ
04/10/2020 14:07:29,3-Sheohar,151,Auxiliary,https://drive.google.com/open?id=1O_VoaoHaMHnqL6flLCbvGIkgBS5XJODF,https://drive.google.com/open?id=1kxFStrPKCsN3MGRGzacHC_irUEBAiRH-
04/10/2020 14:17:19,3-Sheohar,183,Auxiliary,https://drive.google.com/open?id=1qgF5H2UeO0N2OMKdauaqZxqqUHA0BgDH,https://drive.google.com/open?id=1kejMOh7aRbaOC-vvExmTP28iCZNUoTRn
04/10/2020 14:44:28,3-Sheohar,229,Auxiliary,https://drive.google.com/open?id=1taRJq6YA84GYB340G-pvKn9WcA7vl9aJ,https://drive.google.com/open?id=1iNCIpc9GXKOl35tmxEhpNZR6EIVTefJt
04/10/2020 14:46:16,3-Sheohar,230,Auxiliary,https://drive.google.com/open?id=1sQUKgwJzqB10fJyelrzwRz6wPibqiuis,https://drive.google.com/open?id=1BTWVKNAhmjlO2tiOEqxFWCNC09octpuu
04/10/2020 14:48:05,3-Sheohar,231,Auxiliary,https://drive.google.com/open?id=1eGGQ0sDFX1Hof5VM3vXuGQ0w-oO-Vpmk,https://drive.google.com/open?id=1FGPnQyMW1nABmoapg0EmrSa0TNTrF-pG
04/10/2020 14:49:31,3-Sheohar,236,Auxiliary,https://drive.google.com/open?id=1GAjeIDVYJNiag_Pu-hwK0XX3DmuzeGeI,https://drive.google.com/open?id=1A27snEptrASLjaeHhO9vUv8hSKsU2re_
04/10/2020 14:52:00,3-Sheohar,237,Auxiliary,https://drive.google.com/open?id=1ST6VUAxGaRAFDdnxS6-RU_kI1dEjm9vF,https://drive.google.com/open?id=18ciplQJSmnqtYvmW8DBK202Oh8FuN7V3
04/10/2020 14:53:15,3-Sheohar,238,Auxiliary,https://drive.google.com/open?id=1MmJVtys5kloj_yH8QTiPKacaJlB4HymC,https://drive.google.com/open?id=1mx4W3CkDv-TBNzACGLBTWeoxjWrGmXUX
04/10/2020 14:56:00,3-Sheohar,239,Auxiliary,https://drive.google.com/open?id=15RsfuRR55X2dPRL8hexknUYIZuNWVjwX,https://drive.google.com/open?id=1sBy3HNKUjJZ2tR7tVIPOcwc2PhPRpxzD
04/10/2020 14:59:00,3-Sheohar,241,Auxiliary,https://drive.google.com/open?id=1bupwYT93wVaYFooJYNBFKgMKhDooVHyv,https://drive.google.com/open?id=1W_v4CTSLcLffIjhD9fyiOqH27iWH5ZUj
04/10/2020 15:02:49,3-Sheohar,245,Auxiliary,https://drive.google.com/open?id=1g1yAFl2OH7pKBtG-B-fpCSBRrw1mLr3D,https://drive.google.com/open?id=1dcMtBcNqUPAj2a04X_69vw8cUZPmz7j6
04/10/2020 15:03:00,3-Sheohar,246,Auxiliary,https://drive.google.com/open?id=1N2GRfbUM5A1V2Vpi6oL9gurOuWv7uJ0Y,https://drive.google.com/open?id=1m0w02gVvYIt0kf6epefFJNi9bjR5WFgQ
04/10/2020 15:04:13,3-Sheohar,248,Auxiliary,https://drive.google.com/open?id=1YrO6cBTOCxrQNV22It4UutcpzCbJapw5,https://drive.google.com/open?id=1MBTehBxhG8_C7R9Uxdfms_0KnNpBY4Ag
04/10/2020 15:05:22,3-Sheohar,249,Auxiliary,https://drive.google.com/open?id=1mz7yyHfQVXKQbcE1YRHzMomx9YLrIOsb,https://drive.google.com/open?id=1x0dJhWkDkIMK5Tw46HGa1N9KrQb-mDHm
04/10/2020 15:07:14,3-Sheohar,251,Auxiliary,https://drive.google.com/open?id=1AD-BttjyI7MQLF2EvwUJNCnCuNOZ7cb2,https://drive.google.com/open?id=1keUbKnixTu3ghIGji-E2r_uoXkHwqu3-
04/10/2020 15:07:25,3-Sheohar,253,Auxiliary,https://drive.google.com/open?id=1gFmSkYeyx89_4o_ONLmA05wAw_vgNj1u,https://drive.google.com/open?id=1HfA9NQlf80P03ttpTsdsR6BmsuQQRjNK
04/10/2020 15:09:39,3-Sheohar,260,Auxiliary,https://drive.google.com/open?id=1c6dqZ1PDMbX4xmY7dzZ_lW6aJsGYXiYO,https://drive.google.com/open?id=1r6hnkGkpvs8L3bDH2tHcHlWnnxxJHJ67
04/10/2020 15:09:46,3-Sheohar,260,Auxiliary,https://drive.google.com/open?id=18p9k-fOvr1tFyS5SukdlEFIt3y4xAh0t,https://drive.google.com/open?id=1E0uFZ69wV0LfFPpA7Y_9ETDRHRILSpQJ
04/10/2020 15:11:23,3-Sheohar,261,Auxiliary,https://drive.google.com/open?id=1xCTgUl1GppKX4HGc3OJco1rq5ayadinE,https://drive.google.com/open?id=1cJLqdYJnWphHXeVo6GGLeYkwM-VEViQB
04/10/2020 15:12:35,3-Sheohar,262,Auxiliary,https://drive.google.com/open?id=1qCGZanHs-HFqyeWsjBh5rfDc63KXK9Lt,https://drive.google.com/open?id=1QYNK8jy2bRFTm4POVUKRD19NYcj-ydK_
04/10/2020 15:13:56,3-Sheohar,263,Auxiliary,https://drive.google.com/open?id=1FjZlFOiPqlvRzj29MjsD4ywOE6ZB8Ewc,https://drive.google.com/open?id=1zMLwTLkQV1w6Ski4PWNFlnwpjDCYBbKk
04/10/2020 15:15:01,3-Sheohar,264,Auxiliary,https://drive.google.com/open?id=14nBtV_REk7Sdwx0VHzoFyfXGckwuNcHs,https://drive.google.com/open?id=1GvzZ_HjltUmB6qBiMTyOk-f-sAgHJ-jY
04/10/2020 15:16:20,3-Sheohar,270,Auxiliary,https://drive.google.com/open?id=1t__5hdVQleqggnNAtMXoLx3jWn7yvfv6,https://drive.google.com/open?id=1oTV2UvWUhLfN5f7UIeFgR930CvLep-4y
04/10/2020 15:17:24,3-Sheohar,275,Auxiliary,https://drive.google.com/open?id=1widVFRc2m9YTbEWeZh1VXgC6n186eFMg,https://drive.google.com/open?id=18_z-ce2Keh1oS9Secz-bxmE1fR11OupL
04/10/2020 15:18:43,3-Sheohar,276,Auxiliary,https://drive.google.com/open?id=1p3S9jhkfZCXjd0tw3Aqpe2KmpmEcymV8,https://drive.google.com/open?id=10j8fcuhlyBFKUHPonVpkJZXxdEu05CUu
04/10/2020 15:19:59,3-Sheohar,277,Auxiliary,https://drive.google.com/open?id=1avV3NPK-JFPIoNzPFzanzVseJ_THrw7E,https://drive.google.com/open?id=1CTRRtYAwi2DRFvqwV-yxDPF3Q7bGi5bK
04/10/2020 15:20:57,3-Sheohar,279,Auxiliary,https://drive.google.com/open?id=1_yzvBWUwJO4lx_-2mqMCm8Iwu7M07Vw5,https://drive.google.com/open?id=1d_tyXTB0deMq-4_LaEEbKlkN0WpRQ_SM
04/10/2020 15:21:51,3-Sheohar,281,Auxiliary,https://drive.google.com/open?id=1HakIKE9873txcdLEx4yMBJbUdY7hOK8h,https://drive.google.com/open?id=1evbBm2iAMk_Z0TMtJCXmbqxlLZ8X1pVa
04/10/2020 15:25:06,3-Sheohar,285,Auxiliary,https://drive.google.com/open?id=1SvCGM1JUD_RcUS0VkbvGn0iLZUK3oDOg,https://drive.google.com/open?id=1yQ-_w1ekNM4xKpHm3pgN9rcbQOZtFUcP
04/10/2020 15:26:52,3-Sheohar,288,Auxiliary,https://drive.google.com/open?id=1wNPQVxR_rswxTs1N2GCsJ61mylZxu8G7,https://drive.google.com/open?id=1raAG5qOjSDFkNzXPQr38-jnn6-eMD8o9
04/10/2020 16:38:35,3-Sheohar,108,Main,https://drive.google.com/open?id=1e4lH32LlrrvOB7Qqi6Vu2QGucNNgfKtc,https://drive.google.com/open?id=1AyG5dB-4LAoscEHXy3gHRxUTk2mQSbwA
04/10/2020 16:44:38,3-Sheohar,246,Main,https://drive.google.com/open?id=1G052BTl0BSvHH5Hy1EHS7BaY2F7kz2o9,https://drive.google.com/open?id=1EARy60zHP-1zVRUA989BI5UWLAd76_SZ